 rho0                  EoA                   K                     a                     L                     Ms_inv                Crdr0                 Crdr1                 Vn                    Vp                    CrdJ0                 CrdJ1                
 [1/fm^3]              [MeV]                 [MeV]                 [MeV]                 [MeV]                 []                    []                    []                    []                    []                    []                    []                   
 1.59152140000000e-01 -1.57579900000000e+01  2.16065410000000e+02  2.82589510000000e+01  3.45909420000000e+01  1.01211370000000e+00 -4.58616760000000e+01 -1.52806170000000e+02 -1.88588980000000e+02 -2.08454580000000e+02 -7.70314870000000e+01 -4.33405570000000e+01 
 1.59120830000000e-01 -1.57563720000000e+01  2.15388100000000e+02  2.80761660000000e+01  3.18865130000000e+01  1.01867590000000e+00 -4.51871920000000e+01 -1.52817260000000e+02 -1.90040550000000e+02 -2.09714660000000e+02 -7.67572880000000e+01 -4.44404380000000e+01 
 1.58472640000000e-01 -1.57810410000000e+01  2.18382820000000e+02  2.94129110000000e+01  3.45047480000000e+01  8.91179260000000e-01 -4.18804630000000e+01 -9.81843690000000e+01 -1.71112650000000e+02 -1.99412580000000e+02 -7.56974300000000e+01 -5.92719720000000e+01 
 1.60458470000000e-01 -1.57943520000000e+01  2.10014330000000e+02  2.96126520000000e+01  3.97508440000000e+01  9.09061320000000e-01 -4.26622820000000e+01 -1.34114540000000e+02 -1.75484990000000e+02 -1.98128760000000e+02 -7.44268480000000e+01 -8.19450430000000e+01 
 1.59703280000000e-01 -1.57857080000000e+01  2.09569900000000e+02  2.91555120000000e+01  3.54232190000000e+01  8.83238190000000e-01 -4.20418250000000e+01 -1.29320140000000e+02 -1.70922630000000e+02 -1.94986390000000e+02 -7.38281980000000e+01 -6.69190790000000e+01 
 1.58975330000000e-01 -1.57719430000000e+01  2.11695110000000e+02  2.87385200000000e+01  3.09973740000000e+01  8.79666270000000e-01 -4.12920640000000e+01 -1.09075200000000e+02 -1.66717670000000e+02 -1.93553400000000e+02 -7.18117560000000e+01 -4.16871280000000e+01 
 1.59675170000000e-01 -1.57786780000000e+01  2.11532530000000e+02  2.83810470000000e+01  2.09488000000000e+01  8.70211990000000e-01 -4.07402360000000e+01 -1.06338340000000e+02 -1.66736920000000e+02 -1.96691470000000e+02 -7.32626320000000e+01 -7.03642990000000e+01 
 1.58985570000000e-01 -1.57247780000000e+01  2.09460330000000e+02  2.77082760000000e+01  2.40563710000000e+01  9.10381790000000e-01 -4.09179190000000e+01 -1.37313110000000e+02 -1.74438220000000e+02 -1.93903020000000e+02 -7.12935970000000e+01 -4.59804710000000e+01 
 1.59602480000000e-01 -1.57529670000000e+01  2.09948600000000e+02  2.79031630000000e+01  2.35296000000000e+01  8.80276420000000e-01 -4.07571240000000e+01 -1.33264470000000e+02 -1.72623880000000e+02 -1.96125520000000e+02 -7.20003370000000e+01 -8.38986090000000e+01 
 1.59450080000000e-01 -1.57452570000000e+01  2.10924120000000e+02  2.75747440000000e+01  2.91969740000000e+01  8.63224190000000e-01 -3.95007620000000e+01 -1.61626690000000e+02 -1.69737030000000e+02 -1.91394310000000e+02 -7.11822560000000e+01 -2.80269200000000e+01 
 1.59503490000000e-01 -1.57243840000000e+01  2.05427280000000e+02  2.75722360000000e+01  2.90087660000000e+01  8.57929510000000e-01 -3.95862600000000e+01 -1.76514770000000e+02 -1.66005960000000e+02 -1.87874420000000e+02 -7.25607360000000e+01 -3.46207580000000e+01 
 1.59158080000000e-01 -1.57426200000000e+01  2.11690900000000e+02  2.76962650000000e+01  2.62982550000000e+01  8.51167630000000e-01 -3.96311400000000e+01 -1.38524780000000e+02 -1.66279670000000e+02 -1.92408170000000e+02 -7.32649390000000e+01 -3.39823000000000e+01 
 1.59886790000000e-01 -1.57502230000000e+01  2.11452890000000e+02  2.74654280000000e+01  3.07833680000000e+01  8.74908350000000e-01 -3.98049070000000e+01 -1.72556860000000e+02 -1.68965380000000e+02 -1.96484270000000e+02 -7.06797990000000e+01 -4.49984380000000e+01 
 1.59609730000000e-01 -1.57582570000000e+01  2.13982940000000e+02  2.70128340000000e+01  2.63910350000000e+01  9.03464820000000e-01 -3.99068210000000e+01 -1.77262620000000e+02 -1.73031510000000e+02 -1.96784520000000e+02 -6.80496780000000e+01 -2.22914950000000e+01 
 1.59581750000000e-01 -1.57477300000000e+01  2.07145110000000e+02  2.72501080000000e+01  2.08876970000000e+01  8.69428980000000e-01 -3.94237230000000e+01 -1.55558350000000e+02 -1.67909900000000e+02 -1.92527120000000e+02 -6.78014630000000e+01 -3.36122380000000e+01 
 1.59550330000000e-01 -1.57487900000000e+01  2.11260150000000e+02  2.70182500000000e+01  1.53553260000000e+01  8.82515270000000e-01 -3.95468790000000e+01 -1.48258640000000e+02 -1.64588530000000e+02 -1.94251400000000e+02 -7.06445780000000e+01 -3.25160020000000e+01 
 1.59077960000000e-01 -1.57532050000000e+01  2.12794460000000e+02  2.79484010000000e+01  3.49949790000000e+01  8.37631100000000e-01 -3.94315170000000e+01 -1.73586300000000e+02 -1.60721990000000e+02 -1.90547210000000e+02 -7.30609920000000e+01 -4.76713980000000e+01 
 1.58716080000000e-01 -1.57397400000000e+01  2.19014860000000e+02  2.81201720000000e+01  4.03658650000000e+01  8.69998420000000e-01 -3.97329870000000e+01 -1.63724250000000e+02 -1.67695970000000e+02 -1.96494980000000e+02 -7.49090950000000e+01 -3.71756920000000e+01 
 1.59161950000000e-01 -1.57218870000000e+01  2.11219340000000e+02  2.82100860000000e+01  3.46785690000000e+01  8.57961730000000e-01 -3.89712600000000e+01 -1.62241750000000e+02 -1.64806320000000e+02 -1.89076070000000e+02 -7.33213010000000e+01 -5.96652580000000e+01 
 1.59538300000000e-01 -1.57284570000000e+01  2.06588360000000e+02  2.72682380000000e+01  2.12658800000000e+01  8.68808950000000e-01 -3.97992870000000e+01 -1.63503460000000e+02 -1.69505380000000e+02 -1.90832970000000e+02 -7.29177160000000e+01 -5.93807790000000e+01 
 1.60379740000000e-01 -1.57392750000000e+01  2.03787240000000e+02  2.80463960000000e+01  2.98418400000000e+01  8.65478140000000e-01 -4.04529950000000e+01 -1.43739440000000e+02 -1.65867670000000e+02 -1.90721100000000e+02 -7.35108230000000e+01 -2.54363640000000e+01 
 1.60108410000000e-01 -1.57392150000000e+01  2.03898620000000e+02  2.80483030000000e+01  3.16138700000000e+01  8.65260870000000e-01 -4.01119540000000e+01 -1.50896510000000e+02 -1.65671910000000e+02 -1.93881100000000e+02 -6.98131750000000e+01 -6.07436820000000e+01 
 1.60545870000000e-01 -1.57751210000000e+01  2.09347990000000e+02  2.78753780000000e+01  2.88626730000000e+01  8.74292320000000e-01 -3.97902410000000e+01 -1.56948620000000e+02 -1.68634900000000e+02 -1.98267130000000e+02 -6.89269280000000e+01 -3.51916630000000e+01 
 1.60353100000000e-01 -1.57627090000000e+01  2.03963890000000e+02  2.83094700000000e+01  2.75427560000000e+01  8.50656260000000e-01 -4.02318890000000e+01 -1.39274280000000e+02 -1.69122130000000e+02 -1.86956040000000e+02 -7.13833420000000e+01 -5.72107930000000e+01 
 1.61062180000000e-01 -1.57812000000000e+01  2.05295120000000e+02  2.84235550000000e+01  3.48289050000000e+01  8.57820170000000e-01 -4.05530480000000e+01 -1.66832620000000e+02 -1.67265810000000e+02 -1.93060450000000e+02 -7.12242800000000e+01 -7.11446990000000e+01 
 1.60737950000000e-01 -1.57714900000000e+01  2.04397190000000e+02  2.81184840000000e+01  2.26052120000000e+01  8.70570250000000e-01 -4.13999600000000e+01 -1.01573000000000e+02 -1.68169300000000e+02 -1.92887290000000e+02 -7.24274470000000e+01 -3.32064670000000e+01 
 1.59919800000000e-01 -1.57706600000000e+01  2.10257080000000e+02  2.87966460000000e+01  3.20662530000000e+01  8.93476980000000e-01 -4.11212740000000e+01 -9.97057270000000e+01 -1.69296330000000e+02 -2.01106950000000e+02 -7.00103710000000e+01 -3.90659920000000e+01 
 1.59930740000000e-01 -1.57875960000000e+01  2.13776140000000e+02  2.78658280000000e+01  1.53701590000000e+01  9.29920730000000e-01 -4.21804600000000e+01 -1.07066500000000e+02 -1.77794500000000e+02 -1.96318730000000e+02 -7.12835610000000e+01 -6.92449910000000e+01 
 1.60251700000000e-01 -1.57769200000000e+01  2.10712360000000e+02  2.84170470000000e+01  2.51776800000000e+01  8.96535300000000e-01 -4.15295780000000e+01 -8.83661410000000e+01 -1.72422200000000e+02 -1.95412180000000e+02 -7.19044590000000e+01 -3.58115570000000e+01 
 1.60356390000000e-01 -1.58029210000000e+01  2.13365040000000e+02  2.88420630000000e+01  3.02578270000000e+01  8.78397220000000e-01 -4.08499400000000e+01 -8.52397180000000e+01 -1.70382260000000e+02 -1.92248970000000e+02 -7.10914160000000e+01  2.00716300000000e+00 
 1.59637610000000e-01 -1.57829540000000e+01  2.12491940000000e+02  2.84300610000000e+01  2.65977220000000e+01  8.35271510000000e-01 -3.90103700000000e+01 -1.04562110000000e+02 -1.62853990000000e+02 -1.90833360000000e+02 -6.86491360000000e+01 -4.15020950000000e+01 
 1.59285700000000e-01 -1.57594990000000e+01  2.18522620000000e+02  2.77124700000000e+01  2.79206560000000e+01  8.63076770000000e-01 -3.84696220000000e+01 -1.26812540000000e+02 -1.66286300000000e+02 -1.96311730000000e+02 -6.93057520000000e+01 -4.64699740000000e+00 
 1.58438160000000e-01 -1.57585780000000e+01  2.21162940000000e+02  2.74180750000000e+01  1.77464960000000e+01  8.69333530000000e-01 -3.86629290000000e+01 -1.19679090000000e+02 -1.69182000000000e+02 -1.94508110000000e+02 -6.96159620000000e+01 -4.62837790000000e+01 
 1.58003040000000e-01 -1.57381000000000e+01  2.20305080000000e+02  2.76347600000000e+01  1.87544520000000e+01  8.72719780000000e-01 -3.86235590000000e+01 -1.03930840000000e+02 -1.66492100000000e+02 -1.93329680000000e+02 -7.02226690000000e+01 -3.66049850000000e+01 
 1.58081950000000e-01 -1.57618570000000e+01  2.24608580000000e+02  2.82403710000000e+01  2.40845460000000e+01  8.53909750000000e-01 -3.83699840000000e+01 -8.47946570000000e+01 -1.63953040000000e+02 -1.95951990000000e+02 -7.18768180000000e+01  7.58900170000000e+00 
 1.58201680000000e-01 -1.57682780000000e+01  2.22193590000000e+02  2.78224260000000e+01  2.28971060000000e+01  8.34429240000000e-01 -3.87732220000000e+01 -1.07871190000000e+02 -1.62052530000000e+02 -1.92433260000000e+02 -7.28489150000000e+01 -3.11497270000000e+01 
 1.56956550000000e-01 -1.57269260000000e+01  2.27096750000000e+02  2.77196360000000e+01  1.56298190000000e+01  8.34118460000000e-01 -3.72885020000000e+01 -8.53510840000000e+01 -1.60428180000000e+02 -1.87504140000000e+02 -7.36384250000000e+01 -5.64616280000000e+01 
 1.57725240000000e-01 -1.57330420000000e+01  2.25931350000000e+02  2.73950810000000e+01  1.64286680000000e+01  8.39383470000000e-01 -3.67825190000000e+01 -1.09497700000000e+02 -1.60807090000000e+02 -1.89989130000000e+02 -7.11261320000000e+01 -4.67429990000000e+01 
 1.56912420000000e-01 -1.57426880000000e+01  2.27247080000000e+02  2.71065530000000e+01  1.54362590000000e+01  7.76676010000000e-01 -3.54211020000000e+01 -1.44041950000000e+02 -1.51428720000000e+02 -1.82948230000000e+02 -7.39113620000000e+01 -4.75825770000000e+01 
 1.56788820000000e-01 -1.57680210000000e+01  2.33835160000000e+02  2.73275380000000e+01  2.41451080000000e+01  7.97077000000000e-01 -3.52784140000000e+01 -1.74396230000000e+02 -1.58259120000000e+02 -1.86213870000000e+02 -7.03887100000000e+01 -4.73053460000000e+01 
 1.56835740000000e-01 -1.57509180000000e+01  2.34729050000000e+02  2.75441310000000e+01  2.77169810000000e+01  8.46502400000000e-01 -3.62675100000000e+01 -1.45546800000000e+02 -1.63750150000000e+02 -1.91988990000000e+02 -6.93925520000000e+01 -3.59377860000000e+01 
 1.56987870000000e-01 -1.57592970000000e+01  2.30935820000000e+02  2.83799440000000e+01  3.32072830000000e+01  8.04418430000000e-01 -3.51631950000000e+01 -1.24249070000000e+02 -1.53309340000000e+02 -1.88453150000000e+02 -6.71294350000000e+01 -5.09774300000000e+01 
 1.56907450000000e-01 -1.57373240000000e+01  2.29971720000000e+02  2.80471770000000e+01  1.56592600000000e+01  7.88665310000000e-01 -3.45362360000000e+01 -8.06387220000000e+01 -1.54495140000000e+02 -1.86994740000000e+02 -6.93147610000000e+01 -7.42568850000000e+01 
 1.55386400000000e-01 -1.56961850000000e+01  2.32278350000000e+02  2.83136000000000e+01  2.62161600000000e+01  7.99642790000000e-01 -3.46146290000000e+01 -7.36576930000000e+01 -1.53303560000000e+02 -1.84941670000000e+02 -6.93970090000000e+01 -6.30270840000000e+01 
 1.55882800000000e-01 -1.57308140000000e+01  2.31945780000000e+02  2.81234080000000e+01  2.84523240000000e+01  7.86132250000000e-01 -3.57601840000000e+01 -1.17053980000000e+02 -1.53065170000000e+02 -1.86714790000000e+02 -7.35278770000000e+01 -5.67120430000000e+01 
 1.57369600000000e-01 -1.57283080000000e+01  2.28667530000000e+02  2.75445020000000e+01  1.94278690000000e+01  7.86055560000000e-01 -3.47587370000000e+01 -1.15930550000000e+02 -1.51684970000000e+02 -1.82251410000000e+02 -7.15141590000000e+01 -8.21994880000000e+01 
 1.56608110000000e-01 -1.56903410000000e+01  2.27682190000000e+02  2.70237950000000e+01  1.82908550000000e+01  8.23688360000000e-01 -3.60117560000000e+01 -1.11002050000000e+02 -1.57632990000000e+02 -1.87905670000000e+02 -7.27862010000000e+01 -3.91197700000000e+01 
 1.56398460000000e-01 -1.57252800000000e+01  2.34879100000000e+02  2.74944730000000e+01  2.30734800000000e+01  8.21800300000000e-01 -3.61294300000000e+01 -1.11956230000000e+02 -1.60292350000000e+02 -1.90316090000000e+02 -7.33078580000000e+01 -3.33820070000000e+01 
 1.56583640000000e-01 -1.57306430000000e+01  2.36035380000000e+02  2.72456100000000e+01  1.77165690000000e+01  8.26339770000000e-01 -3.54288330000000e+01 -1.14784500000000e+02 -1.57498530000000e+02 -1.82905340000000e+02 -7.07077170000000e+01 -5.34323440000000e+01 
 1.57229070000000e-01 -1.57572350000000e+01  2.33088180000000e+02  2.79028640000000e+01  1.52459630000000e+01  8.14262810000000e-01 -3.42417770000000e+01 -7.33315100000000e+01 -1.57458410000000e+02 -1.88138120000000e+02 -6.37930650000000e+01 -6.36635810000000e+01 
 1.56079080000000e-01 -1.57510890000000e+01  2.37917400000000e+02  2.79334390000000e+01  1.65766840000000e+01  7.74607240000000e-01 -3.28585380000000e+01 -6.86265790000000e+01 -1.51353830000000e+02 -1.81492650000000e+02 -6.51348880000000e+01 -4.01612220000000e+01 
 1.56663080000000e-01 -1.57338900000000e+01  2.30831700000000e+02  2.84082090000000e+01  2.85808430000000e+01  7.72966180000000e-01 -3.35409540000000e+01 -9.34353720000000e+01 -1.53961390000000e+02 -1.85534380000000e+02 -6.59902670000000e+01 -7.34881110000000e+01 
 1.56776530000000e-01 -1.57634020000000e+01  2.36333780000000e+02  2.79947030000000e+01  2.20432780000000e+01  7.97992390000000e-01 -3.44075880000000e+01 -8.79307660000000e+01 -1.55812680000000e+02 -1.86660720000000e+02 -6.71696110000000e+01 -1.70828950000000e+01 
 1.56494990000000e-01 -1.57440340000000e+01  2.32602870000000e+02  2.73098710000000e+01  1.64052090000000e+01  8.09619040000000e-01 -3.53013190000000e+01 -1.23037160000000e+02 -1.62034200000000e+02 -1.86136000000000e+02 -6.86727400000000e+01 -5.82302890000000e+01 
 1.56773730000000e-01 -1.57146180000000e+01  2.28876840000000e+02  2.74919850000000e+01  1.53741400000000e+01  8.21021420000000e-01 -3.58574210000000e+01 -1.01941310000000e+02 -1.58716360000000e+02 -1.84534470000000e+02 -7.12443760000000e+01 -7.74950020000000e+01 
 1.56708310000000e-01 -1.57265850000000e+01  2.32327230000000e+02  2.71801320000000e+01  2.04482480000000e+01  8.41529160000000e-01 -3.61774750000000e+01 -1.25450900000000e+02 -1.64322950000000e+02 -1.89593860000000e+02 -7.04565230000000e+01 -3.35341920000000e+01 
 1.56376590000000e-01 -1.57194280000000e+01  2.38113310000000e+02  2.72265710000000e+01  2.22484240000000e+01  8.55022200000000e-01 -3.66695460000000e+01 -1.21091960000000e+02 -1.63968750000000e+02 -1.90808790000000e+02 -7.36296090000000e+01 -4.07197620000000e+01 
 1.56302500000000e-01 -1.57168420000000e+01  2.33931440000000e+02  2.71557520000000e+01  2.34798230000000e+01  8.61294920000000e-01 -3.66066540000000e+01 -1.39070990000000e+02 -1.66031220000000e+02 -1.95449680000000e+02 -7.13703940000000e+01 -2.87275510000000e+01 
 1.56909870000000e-01 -1.57462320000000e+01  2.33552600000000e+02  2.78119940000000e+01  2.44789690000000e+01  8.19989890000000e-01 -3.64069090000000e+01 -1.06134510000000e+02 -1.59542950000000e+02 -1.85897590000000e+02 -7.17838520000000e+01 -6.02391570000000e+01 
 1.56774660000000e-01 -1.57372840000000e+01  2.29210110000000e+02  2.74695780000000e+01  1.96098700000000e+01  8.24161290000000e-01 -3.63934710000000e+01 -1.24240480000000e+02 -1.58122550000000e+02 -1.86166330000000e+02 -7.08931170000000e+01 -7.06559800000000e+01 
 1.56503900000000e-01 -1.57560180000000e+01  2.35851950000000e+02  2.78688670000000e+01  2.19268910000000e+01  8.31646850000000e-01 -3.67438280000000e+01 -1.23159110000000e+02 -1.64741760000000e+02 -1.89644320000000e+02 -7.45707800000000e+01 -3.50757120000000e+01 
 1.56295040000000e-01 -1.57613600000000e+01  2.34769240000000e+02  2.86854720000000e+01  3.67557200000000e+01  8.39871250000000e-01 -3.71816280000000e+01 -1.10145130000000e+02 -1.61566200000000e+02 -1.94385210000000e+02 -7.10006930000000e+01 -2.07694320000000e+01 
 1.56636760000000e-01 -1.57729850000000e+01  2.38851790000000e+02  2.84223220000000e+01  2.64006920000000e+01  8.36705210000000e-01 -3.67767750000000e+01 -8.38114400000000e+01 -1.63890620000000e+02 -1.88195000000000e+02 -7.18405580000000e+01 -2.73524550000000e+01 
 1.57028860000000e-01 -1.57774580000000e+01  2.37756980000000e+02  2.83194820000000e+01  1.54666620000000e+01  8.50006150000000e-01 -3.62416380000000e+01 -7.00805530000000e+01 -1.64601780000000e+02 -1.94488500000000e+02 -6.73245970000000e+01 -7.91787070000000e+01 
 1.56970580000000e-01 -1.57393980000000e+01  2.28731760000000e+02  2.79332110000000e+01  1.55547110000000e+01  8.48303990000000e-01 -3.70451400000000e+01 -7.42370430000000e+01 -1.66259800000000e+02 -1.90932110000000e+02 -6.90696820000000e+01 -5.17079240000000e+01 
 1.57608490000000e-01 -1.57350750000000e+01  2.22938130000000e+02  2.86177360000000e+01  3.45044260000000e+01  8.33167880000000e-01 -3.77700840000000e+01 -1.16007760000000e+02 -1.62716100000000e+02 -1.85582690000000e+02 -7.31255830000000e+01 -5.33639420000000e+01 
 1.57685490000000e-01 -1.57478390000000e+01  2.21642980000000e+02  2.84630950000000e+01  3.47465570000000e+01  8.50858570000000e-01 -3.85611710000000e+01 -1.24414040000000e+02 -1.64899400000000e+02 -1.88304130000000e+02 -7.01924910000000e+01 -7.45882490000000e+01 
 1.57131890000000e-01 -1.57419680000000e+01  2.22512680000000e+02  2.83636940000000e+01  2.99418570000000e+01  8.49267710000000e-01 -3.82510510000000e+01 -1.42060160000000e+02 -1.60276560000000e+02 -1.88470150000000e+02 -7.24673440000000e+01 -8.13538430000000e+01 
 1.58885480000000e-01 -1.57381640000000e+01  2.12940760000000e+02  2.75996030000000e+01  3.91999570000000e+01  8.28418690000000e-01 -3.76521990000000e+01 -2.21124390000000e+02 -1.63591200000000e+02 -1.89137160000000e+02 -7.12443650000000e+01 -2.42481220000000e+01 
 1.59175500000000e-01 -1.57678660000000e+01  2.18282560000000e+02  2.90016310000000e+01  4.68643620000000e+01  8.27230440000000e-01 -3.65039700000000e+01 -1.86691930000000e+02 -1.60077260000000e+02 -1.85381330000000e+02 -6.77544530000000e+01 -7.17802630000000e+01 
 1.57036960000000e-01 -1.57346520000000e+01  2.25585770000000e+02  2.85313600000000e+01  4.51003140000000e+01  8.05416120000000e-01 -3.54672440000000e+01 -1.68450520000000e+02 -1.54773590000000e+02 -1.82003730000000e+02 -6.93414920000000e+01 -4.54803990000000e+01 
 1.57782800000000e-01 -1.57579930000000e+01  2.28603840000000e+02  2.83180640000000e+01  2.87752350000000e+01  7.87261710000000e-01 -3.44073390000000e+01 -1.09561270000000e+02 -1.53073210000000e+02 -1.81189270000000e+02 -6.69379660000000e+01 -6.69749260000000e+01 
 1.58158990000000e-01 -1.57930610000000e+01  2.26074940000000e+02  2.88940330000000e+01  2.39274460000000e+01  7.95591500000000e-01 -3.61843340000000e+01 -6.65941700000000e+01 -1.54503710000000e+02 -1.82683140000000e+02 -6.78024170000000e+01 -4.61777530000000e+01 
 1.58174400000000e-01 -1.57622070000000e+01  2.23361220000000e+02  2.80951630000000e+01  1.63581450000000e+01  8.11478030000000e-01 -3.70860020000000e+01 -5.69237930000000e+01 -1.57766310000000e+02 -1.89351100000000e+02 -7.09722440000000e+01 -1.50815260000000e+01 
 1.58119320000000e-01 -1.57766300000000e+01  2.23786840000000e+02  2.81580050000000e+01  1.52487630000000e+01  8.08033030000000e-01 -3.72669820000000e+01 -6.70586870000000e+01 -1.57418620000000e+02 -1.87895750000000e+02 -7.06873700000000e+01 -4.10683170000000e+01 
 1.58548660000000e-01 -1.57810890000000e+01  2.26227530000000e+02  2.78728080000000e+01  2.89594060000000e+01  8.28718160000000e-01 -3.73257490000000e+01 -1.13825770000000e+02 -1.59441530000000e+02 -1.86880860000000e+02 -6.93196740000000e+01 -1.86157000000000e+01 
 1.58706350000000e-01 -1.57559590000000e+01  2.17748860000000e+02  2.75660380000000e+01  1.79462740000000e+01  8.19834380000000e-01 -3.80382290000000e+01 -1.35074500000000e+02 -1.59214090000000e+02 -1.89723150000000e+02 -7.36553960000000e+01 -5.87234260000000e+01 
 1.59219730000000e-01 -1.57588380000000e+01  2.13796160000000e+02  2.77584630000000e+01  2.13096580000000e+01  8.25476750000000e-01 -3.77890020000000e+01 -1.29456590000000e+02 -1.64121000000000e+02 -1.85754100000000e+02 -6.90637990000000e+01 -6.92845610000000e+01 
 1.58454750000000e-01 -1.57598600000000e+01  2.21367430000000e+02  2.80196060000000e+01  3.00535890000000e+01  8.48436560000000e-01 -3.78496060000000e+01 -1.40471090000000e+02 -1.63048900000000e+02 -1.88922340000000e+02 -6.89422220000000e+01 -6.32748960000000e+01 
 1.57988560000000e-01 -1.57572620000000e+01  2.24754720000000e+02  2.76287300000000e+01  2.00110920000000e+01  8.18494010000000e-01 -3.68960420000000e+01 -1.02536210000000e+02 -1.57075400000000e+02 -1.88775340000000e+02 -7.20113690000000e+01  1.30391040000000e+00 
 1.57637310000000e-01 -1.57730570000000e+01  2.23531310000000e+02  2.86518010000000e+01  2.34487270000000e+01  7.91859390000000e-01 -3.71774280000000e+01 -1.20827200000000e+02 -1.55967180000000e+02 -1.82622340000000e+02 -7.43816670000000e+01 -8.79646710000000e+01 
 1.57629080000000e-01 -1.57762520000000e+01  2.27023410000000e+02  2.80947220000000e+01  2.32575010000000e+01  7.99518100000000e-01 -3.58166970000000e+01 -1.15108910000000e+02 -1.55046240000000e+02 -1.86523050000000e+02 -6.71219540000000e+01 -7.55197390000000e+01 
 1.57583800000000e-01 -1.57633040000000e+01  2.23878230000000e+02  2.83250450000000e+01  2.51146840000000e+01  8.00800020000000e-01 -3.57456240000000e+01 -1.10194080000000e+02 -1.53705270000000e+02 -1.85344780000000e+02 -6.83268130000000e+01 -3.78211620000000e+01 
 1.57597890000000e-01 -1.57542160000000e+01  2.30589140000000e+02  2.81492580000000e+01  1.54169660000000e+01  8.08935090000000e-01 -3.48657740000000e+01 -5.14221780000000e+01 -1.55217320000000e+02 -1.83016030000000e+02 -6.53209120000000e+01 -6.76489040000000e+01 
 1.58635750000000e-01 -1.57787750000000e+01  2.21022480000000e+02  2.85540880000000e+01  2.56565160000000e+01  7.73444500000000e-01 -3.61067840000000e+01 -1.03318040000000e+02 -1.50303250000000e+02 -1.82748770000000e+02 -7.03740590000000e+01 -7.39159430000000e+01 
 1.58373350000000e-01 -1.57730340000000e+01  2.17328740000000e+02  2.85309850000000e+01  2.42663340000000e+01  8.00581570000000e-01 -3.76739530000000e+01 -1.01896120000000e+02 -1.54930190000000e+02 -1.81487150000000e+02 -7.12936620000000e+01 -5.66609280000000e+01 
 1.59202070000000e-01 -1.57656740000000e+01  2.11923050000000e+02  2.80028470000000e+01  2.05561660000000e+01  8.38630060000000e-01 -3.89937160000000e+01 -1.27678270000000e+02 -1.64144290000000e+02 -1.89439100000000e+02 -7.04606160000000e+01 -8.11735860000000e+01 
 1.59221110000000e-01 -1.57448840000000e+01  2.09682120000000e+02  2.77181580000000e+01  1.66124580000000e+01  8.10256920000000e-01 -3.87186230000000e+01 -1.10779360000000e+02 -1.59987120000000e+02 -1.87934620000000e+02 -7.48622770000000e+01 -2.40350700000000e+01 
 1.60191200000000e-01 -1.57553890000000e+01  2.07462840000000e+02  2.71255900000000e+01  1.87281430000000e+01  8.14090540000000e-01 -3.84476740000000e+01 -1.50438820000000e+02 -1.58778600000000e+02 -1.91669250000000e+02 -7.16852320000000e+01 -4.85906980000000e+01 
 1.59890580000000e-01 -1.57297390000000e+01  2.08671750000000e+02  2.73900890000000e+01  1.86642070000000e+01  8.65976000000000e-01 -3.82000850000000e+01 -1.42852750000000e+02 -1.65698560000000e+02 -1.90383350000000e+02 -6.85141170000000e+01 -7.16515370000000e+01 
 1.59519550000000e-01 -1.57330720000000e+01  2.06979800000000e+02  2.72170640000000e+01  1.98292950000000e+01  8.25157940000000e-01 -3.83923890000000e+01 -1.42212180000000e+02 -1.61081480000000e+02 -1.90528550000000e+02 -7.10045170000000e+01 -3.90783290000000e+01 
 1.59112230000000e-01 -1.57563070000000e+01  2.16358240000000e+02  2.76215050000000e+01  2.39011700000000e+01  8.49071330000000e-01 -3.99026140000000e+01 -1.36744620000000e+02 -1.63820550000000e+02 -1.88211830000000e+02 -7.67758880000000e+01 -3.75675300000000e+01 
 1.57906430000000e-01 -1.57337870000000e+01  2.22006250000000e+02  2.75333620000000e+01  2.17949560000000e+01  8.34046830000000e-01 -3.74236780000000e+01 -1.20240240000000e+02 -1.61924830000000e+02 -1.95660960000000e+02 -7.33745580000000e+01 -1.36388380000000e+01 
 1.57959150000000e-01 -1.57077090000000e+01  2.14668470000000e+02  2.74864060000000e+01  2.15352270000000e+01  8.12331560000000e-01 -3.72145000000000e+01 -1.65311960000000e+02 -1.55341680000000e+02 -1.86135560000000e+02 -7.57117020000000e+01 -6.37884700000000e+01 
 1.58731800000000e-01 -1.57434070000000e+01  2.17498810000000e+02  2.71941570000000e+01  3.04717900000000e+01  8.29824900000000e-01 -3.73356380000000e+01 -1.93854310000000e+02 -1.62238220000000e+02 -1.90401430000000e+02 -7.02452980000000e+01 -3.93539920000000e+01 
 1.58501220000000e-01 -1.57394180000000e+01  2.14364970000000e+02  2.75308370000000e+01  2.85098150000000e+01  8.24268120000000e-01 -3.79839830000000e+01 -1.70152240000000e+02 -1.60510890000000e+02 -1.87287360000000e+02 -7.19525670000000e+01 -4.86928230000000e+01 
 1.57967540000000e-01 -1.56985780000000e+01  2.06787950000000e+02  2.70318390000000e+01  1.70817900000000e+01  7.87742070000000e-01 -3.77771260000000e+01 -1.53917270000000e+02 -1.55206980000000e+02 -1.87806200000000e+02 -7.48652520000000e+01 -6.36329910000000e+01 
 1.58602840000000e-01 -1.57079880000000e+01  2.11777940000000e+02  2.71345720000000e+01  2.69712510000000e+01  8.09801980000000e-01 -3.70957400000000e+01 -1.81647250000000e+02 -1.59095760000000e+02 -1.85771170000000e+02 -7.13438230000000e+01 -8.87418520000000e+01 
 1.58060490000000e-01 -1.57296290000000e+01  2.15336880000000e+02  2.77293460000000e+01  2.31034660000000e+01  7.92940780000000e-01 -3.69637020000000e+01 -1.36655460000000e+02 -1.56373490000000e+02 -1.80544100000000e+02 -7.30506510000000e+01 -5.55491680000000e+01 
 1.58787850000000e-01 -1.57284490000000e+01  2.13349770000000e+02  2.75420970000000e+01  2.65543880000000e+01  8.21305860000000e-01 -3.76843280000000e+01 -1.58890550000000e+02 -1.63238010000000e+02 -1.88729540000000e+02 -7.12635030000000e+01 -8.07716410000000e+01 
 1.58697380000000e-01 -1.57338040000000e+01  2.14727990000000e+02  2.75339470000000e+01  2.93276630000000e+01  8.29749610000000e-01 -3.79002100000000e+01 -1.59936850000000e+02 -1.58267000000000e+02 -1.88030230000000e+02 -7.17013290000000e+01 -1.58613570000000e+01 
 1.58490310000000e-01 -1.57304810000000e+01  2.15474630000000e+02  2.70855530000000e+01  1.50812610000000e+01  8.73118760000000e-01 -3.91995210000000e+01 -1.25907600000000e+02 -1.62858470000000e+02 -1.92963290000000e+02 -7.21151220000000e+01 -2.82628980000000e+01 
 1.58827350000000e-01 -1.57198690000000e+01  2.16527680000000e+02  2.73022750000000e+01  1.54238730000000e+01  8.86387110000000e-01 -3.95262930000000e+01 -1.14385520000000e+02 -1.70316720000000e+02 -1.93933620000000e+02 -7.35132910000000e+01 -6.80379930000000e+01 
 1.57896570000000e-01 -1.57328510000000e+01  2.16375070000000e+02  2.74687660000000e+01  2.24358910000000e+01  8.65326810000000e-01 -4.00570250000000e+01 -1.28556150000000e+02 -1.69224580000000e+02 -1.97955830000000e+02 -7.48292380000000e+01 -2.70573270000000e+01 
 1.58399080000000e-01 -1.57381330000000e+01  2.16260970000000e+02  2.75990180000000e+01  1.86785030000000e+01  8.57645670000000e-01 -3.95744850000000e+01 -1.07464670000000e+02 -1.62131960000000e+02 -1.97122970000000e+02 -7.37847310000000e+01 -5.17757980000000e+01 
 1.58671400000000e-01 -1.57442770000000e+01  2.18669010000000e+02  2.74263070000000e+01  1.63823960000000e+01  8.85361440000000e-01 -3.94014050000000e+01 -1.03725820000000e+02 -1.69271360000000e+02 -1.98182700000000e+02 -7.10175950000000e+01 -3.27724140000000e+01 
 1.58987270000000e-01 -1.57495320000000e+01  2.09304270000000e+02  2.81396480000000e+01  2.73768550000000e+01  8.82409780000000e-01 -4.15392840000000e+01 -1.27281000000000e+02 -1.71540360000000e+02 -1.94534440000000e+02 -7.39188380000000e+01 -2.77327490000000e+01 
 1.59168980000000e-01 -1.57493850000000e+01  2.13560280000000e+02  2.83527560000000e+01  2.87122040000000e+01  8.78066820000000e-01 -4.06540390000000e+01 -1.27030750000000e+02 -1.65201070000000e+02 -1.92452800000000e+02 -7.49203450000000e+01 -5.66662940000000e+01 
 1.58659290000000e-01 -1.57638520000000e+01  2.09382490000000e+02  2.85920750000000e+01  3.24210920000000e+01  8.61371100000000e-01 -4.18515770000000e+01 -1.46564250000000e+02 -1.67173040000000e+02 -1.94964610000000e+02 -7.63748990000000e+01 -4.47036860000000e+01 
 1.59303570000000e-01 -1.57747470000000e+01  2.13149010000000e+02  2.83251560000000e+01  3.21432290000000e+01  8.84418730000000e-01 -4.13960310000000e+01 -1.30808630000000e+02 -1.72332560000000e+02 -1.93154530000000e+02 -7.34433250000000e+01  6.81025920000000e+00 
 1.60720740000000e-01 -1.58008590000000e+01  2.12164680000000e+02  2.81246500000000e+01  3.24714760000000e+01  9.31096400000000e-01 -4.25758880000000e+01 -1.51283920000000e+02 -1.79253090000000e+02 -2.02313850000000e+02 -7.04961140000000e+01 -3.18158520000000e+01 
 1.60581460000000e-01 -1.57719310000000e+01  2.08650270000000e+02  2.82317270000000e+01  3.09739430000000e+01  9.29397230000000e-01 -4.26880730000000e+01 -1.31956160000000e+02 -1.79072710000000e+02 -2.04270400000000e+02 -7.24005210000000e+01 -2.74444730000000e+01 
 1.60175530000000e-01 -1.57948970000000e+01  2.08240900000000e+02  2.85584390000000e+01  3.27895130000000e+01  8.85787630000000e-01 -4.18865280000000e+01 -1.56565600000000e+02 -1.69090620000000e+02 -1.99682360000000e+02 -7.18444520000000e+01 -5.83032670000000e+01 
 1.60680320000000e-01 -1.57591490000000e+01  2.03298460000000e+02  2.82971650000000e+01  3.62800270000000e+01  8.90120650000000e-01 -4.18652290000000e+01 -1.68259890000000e+02 -1.68961690000000e+02 -1.93722820000000e+02 -7.31491210000000e+01 -4.09020760000000e+01 
 1.60778350000000e-01 -1.57652600000000e+01  2.02037210000000e+02  2.87450500000000e+01  3.23749360000000e+01  8.99068530000000e-01 -4.28587150000000e+01 -1.48153320000000e+02 -1.73952930000000e+02 -1.97081860000000e+02 -7.50423800000000e+01 -8.36283200000000e+01 
 1.60144680000000e-01 -1.57472320000000e+01  2.05526080000000e+02  2.82301420000000e+01  3.79371470000000e+01  8.95898160000000e-01 -4.20210950000000e+01 -1.95581980000000e+02 -1.77173420000000e+02 -1.99794200000000e+02 -7.44770700000000e+01 -8.98609650000000e+01 
 1.60911220000000e-01 -1.57673710000000e+01  2.04792420000000e+02  2.77499270000000e+01  2.97399080000000e+01  8.60833810000000e-01 -4.08307700000000e+01 -1.72031950000000e+02 -1.66537270000000e+02 -1.91177850000000e+02 -7.34098780000000e+01 -5.52798880000000e+01 
 1.60357740000000e-01 -1.57543250000000e+01  2.05802130000000e+02  2.80052550000000e+01  3.22629430000000e+01  8.53574820000000e-01 -3.93915800000000e+01 -1.64076430000000e+02 -1.66543360000000e+02 -1.92129000000000e+02 -6.93477090000000e+01 -4.92594350000000e+01 
 1.59956480000000e-01 -1.57405340000000e+01  2.07665240000000e+02  2.85047200000000e+01  2.29378320000000e+01  8.60669750000000e-01 -3.96960980000000e+01 -1.06219030000000e+02 -1.64751510000000e+02 -1.92536490000000e+02 -7.27546330000000e+01 -8.72489050000000e+01 
 1.59978650000000e-01 -1.57663390000000e+01  2.07995040000000e+02  2.79821700000000e+01  2.50400000000000e+01  8.51701390000000e-01 -4.04861210000000e+01 -1.27873950000000e+02 -1.64461650000000e+02 -1.91979860000000e+02 -7.36320230000000e+01 -3.49745070000000e+01 
 1.60546210000000e-01 -1.57938700000000e+01  2.06203060000000e+02  2.79893260000000e+01  2.24811180000000e+01  8.43715050000000e-01 -3.94020650000000e+01 -1.44542530000000e+02 -1.63226610000000e+02 -1.93594070000000e+02 -6.79320840000000e+01 -3.75241160000000e+01 
 1.60877580000000e-01 -1.57681990000000e+01  2.04412590000000e+02  2.75073470000000e+01  2.20265310000000e+01  8.06222790000000e-01 -3.83856700000000e+01 -1.37534670000000e+02 -1.59563590000000e+02 -1.88496160000000e+02 -6.96935610000000e+01 -3.42135510000000e+01 
 1.60575780000000e-01 -1.57608960000000e+01  2.05013800000000e+02  2.75754960000000e+01  3.51360930000000e+01  8.03801920000000e-01 -3.84245160000000e+01 -2.34688460000000e+02 -1.56337150000000e+02 -1.87493280000000e+02 -7.30072510000000e+01 -4.89386800000000e+01 
 1.59901910000000e-01 -1.57125970000000e+01  2.07717300000000e+02  2.72727520000000e+01  1.96161500000000e+01  8.44423030000000e-01 -3.78583080000000e+01 -1.23871680000000e+02 -1.60277940000000e+02 -1.89397990000000e+02 -6.99054330000000e+01 -4.75646860000000e+01 
 1.57453480000000e-01 -1.57015890000000e+01  2.16898630000000e+02  2.77582110000000e+01  3.59710220000000e+01  8.37202480000000e-01 -3.81697290000000e+01 -1.72936060000000e+02 -1.60403670000000e+02 -1.90705980000000e+02 -7.60644950000000e+01 -6.55956470000000e+00 
 1.57132410000000e-01 -1.57210290000000e+01  2.20916440000000e+02  2.75486350000000e+01  2.70522090000000e+01  8.55258090000000e-01 -3.96797460000000e+01 -1.61133230000000e+02 -1.65859950000000e+02 -1.97648250000000e+02 -7.79738240000000e+01 -5.51330750000000e+01 
 1.56703820000000e-01 -1.57236150000000e+01  2.26157400000000e+02  2.75736060000000e+01  2.59796440000000e+01  8.75108050000000e-01 -3.89106510000000e+01 -1.36929790000000e+02 -1.67592060000000e+02 -1.97886570000000e+02 -7.30131770000000e+01 -3.78454060000000e+01 
 1.56489810000000e-01 -1.57301920000000e+01  2.33311080000000e+02  2.76702730000000e+01  2.70738060000000e+01  8.99153910000000e-01 -3.89152220000000e+01 -1.54230420000000e+02 -1.70474960000000e+02 -1.99919690000000e+02 -7.51665620000000e+01 -6.85574530000000e+01 
 1.57075760000000e-01 -1.57349340000000e+01  2.33778920000000e+02  2.74631990000000e+01  3.40383480000000e+01  9.06920000000000e-01 -3.88753640000000e+01 -1.95802140000000e+02 -1.74511430000000e+02 -1.92602290000000e+02 -7.53745210000000e+01 -5.43365380000000e+01 
 1.57344170000000e-01 -1.57050920000000e+01  2.27920420000000e+02  2.73255890000000e+01  3.19959160000000e+01  9.04779790000000e-01 -3.92765910000000e+01 -1.73702960000000e+02 -1.76650100000000e+02 -2.01624220000000e+02 -7.55690660000000e+01 -5.60380240000000e+01 
 1.57494090000000e-01 -1.57094690000000e+01  2.21319960000000e+02  2.74661680000000e+01  2.67262770000000e+01  8.48579430000000e-01 -3.83334740000000e+01 -1.43611260000000e+02 -1.60329690000000e+02 -1.89119560000000e+02 -7.53470590000000e+01 -5.73221380000000e+01 
 1.56609240000000e-01 -1.57011060000000e+01  2.28398070000000e+02  2.71518620000000e+01  2.75759160000000e+01  8.46973810000000e-01 -3.73658380000000e+01 -1.65731210000000e+02 -1.59910920000000e+02 -1.92947440000000e+02 -7.52392860000000e+01 -6.37055180000000e+01 
 1.56713780000000e-01 -1.56958930000000e+01  2.25401000000000e+02  2.70771370000000e+01  3.50772660000000e+01  8.28789600000000e-01 -3.71796830000000e+01 -2.14955170000000e+02 -1.60317410000000e+02 -1.89426030000000e+02 -7.67706720000000e+01 -8.73496550000000e+01 
 1.57392450000000e-01 -1.57019500000000e+01  2.21792060000000e+02  2.70557790000000e+01  2.11986870000000e+01  8.52931210000000e-01 -3.76003530000000e+01 -1.45853120000000e+02 -1.67863570000000e+02 -1.92576370000000e+02 -7.29675620000000e+01 -5.13825640000000e+01 
 1.57355610000000e-01 -1.57204530000000e+01  2.25940490000000e+02  2.76295270000000e+01  3.57362840000000e+01  8.67330860000000e-01 -3.80931570000000e+01 -1.75049910000000e+02 -1.69035480000000e+02 -1.89990780000000e+02 -7.32598510000000e+01 -4.61806990000000e+01 
 1.56545570000000e-01 -1.57243070000000e+01  2.28527690000000e+02  2.86300600000000e+01  4.84704070000000e+01  8.84400360000000e-01 -3.87860660000000e+01 -1.82102100000000e+02 -1.66527440000000e+02 -1.94732950000000e+02 -7.39020980000000e+01 -5.34453970000000e+01 
 1.57405960000000e-01 -1.57556990000000e+01  2.28625310000000e+02  2.83007550000000e+01  5.12841700000000e+01  8.80719740000000e-01 -3.90519770000000e+01 -2.11167180000000e+02 -1.69478540000000e+02 -1.93174920000000e+02 -7.29908690000000e+01 -2.70769490000000e+01 
 1.56366250000000e-01 -1.57288040000000e+01  2.34386420000000e+02  2.80201470000000e+01  5.39228410000000e+01  8.79130150000000e-01 -3.86990330000000e+01 -2.31516860000000e+02 -1.69980640000000e+02 -1.90497270000000e+02 -7.68657420000000e+01 -3.98600860000000e+01 
 1.56305090000000e-01 -1.57444150000000e+01  2.38466950000000e+02  2.82395060000000e+01  5.26716320000000e+01  8.76852110000000e-01 -3.80185660000000e+01 -2.21461930000000e+02 -1.67201860000000e+02 -1.91103840000000e+02 -7.36963780000000e+01 -8.91841110000000e+01 
 1.55659220000000e-01 -1.57393890000000e+01  2.38325330000000e+02  2.90474210000000e+01  6.22118500000000e+01  8.78222330000000e-01 -3.79764570000000e+01 -2.35369590000000e+02 -1.66530560000000e+02 -1.92132660000000e+02 -7.55239230000000e+01 -6.46257820000000e+01 
 1.55714380000000e-01 -1.57513080000000e+01  2.35833130000000e+02  2.93032750000000e+01  5.57179360000000e+01  8.72432260000000e-01 -3.83913270000000e+01 -1.95578390000000e+02 -1.68269820000000e+02 -1.90922830000000e+02 -7.45911610000000e+01 -8.03357080000000e+01 
 1.55925320000000e-01 -1.57586980000000e+01  2.38452770000000e+02  2.91730940000000e+01  4.73849980000000e+01  8.89976030000000e-01 -3.87753650000000e+01 -1.48618540000000e+02 -1.68677010000000e+02 -1.90945060000000e+02 -7.37478980000000e+01 -5.08263420000000e+01 
 1.55801350000000e-01 -1.57601020000000e+01  2.36085520000000e+02  2.91200340000000e+01  4.07408530000000e+01  8.62228010000000e-01 -3.85690290000000e+01 -1.20661650000000e+02 -1.64757970000000e+02 -1.90329530000000e+02 -7.39022790000000e+01 -6.43025760000000e+01 
 1.56132220000000e-01 -1.57829640000000e+01  2.38487970000000e+02  2.93261380000000e+01  5.20711600000000e+01  8.71326940000000e-01 -3.89857830000000e+01 -1.57647110000000e+02 -1.69217300000000e+02 -1.97054590000000e+02 -7.32130440000000e+01 -6.22535770000000e+01 
 1.56427330000000e-01 -1.57778440000000e+01  2.37838650000000e+02  2.91860680000000e+01  4.93392870000000e+01  8.82911680000000e-01 -3.89937590000000e+01 -1.52243340000000e+02 -1.68961870000000e+02 -1.95629340000000e+02 -7.30059820000000e+01 -4.89949750000000e+01 
 1.56135690000000e-01 -1.57507480000000e+01  2.38897680000000e+02  2.90008770000000e+01  4.77746520000000e+01  9.05002580000000e-01 -3.90295670000000e+01 -1.35067620000000e+02 -1.73647930000000e+02 -1.95266970000000e+02 -7.26728820000000e+01 -4.23244030000000e+01 
 1.56869440000000e-01 -1.57913130000000e+01  2.35582250000000e+02  2.92126550000000e+01  3.47961660000000e+01  8.79994040000000e-01 -4.00531340000000e+01 -8.25866680000000e+01 -1.70989460000000e+02 -1.94124350000000e+02 -7.43560520000000e+01 -4.02184250000000e+01 
 1.56959320000000e-01 -1.57982380000000e+01  2.36209470000000e+02  2.94362300000000e+01  3.84601840000000e+01  9.11964830000000e-01 -4.07722570000000e+01 -8.64620290000000e+01 -1.74471750000000e+02 -1.99091040000000e+02 -7.31482330000000e+01 -2.40337690000000e+01 
 1.57539510000000e-01 -1.57973100000000e+01  2.32731420000000e+02  2.94213710000000e+01  3.20142840000000e+01  8.98378900000000e-01 -3.99082850000000e+01 -6.81187330000000e+01 -1.73865830000000e+02 -1.94303860000000e+02 -7.06875860000000e+01 -7.21217750000000e+01 
 1.57371360000000e-01 -1.58049750000000e+01  2.31227370000000e+02  2.90948820000000e+01  2.68967900000000e+01  8.80214170000000e-01 -3.96642590000000e+01 -8.60798140000000e+01 -1.70940390000000e+02 -1.95114590000000e+02 -7.08360370000000e+01 -7.97396930000000e+01 
 1.58943630000000e-01 -1.57908000000000e+01  2.25181270000000e+02  2.89662030000000e+01  3.18887680000000e+01  9.18279740000000e-01 -4.04178740000000e+01 -8.43482600000000e+01 -1.74434310000000e+02 -2.01183440000000e+02 -6.82777120000000e+01 -6.42402800000000e+01 
 1.58457350000000e-01 -1.57892160000000e+01  2.25392260000000e+02  2.83987460000000e+01  2.06421510000000e+01  9.44213490000000e-01 -4.21496480000000e+01 -7.49854010000000e+01 -1.78646520000000e+02 -2.03765910000000e+02 -7.07701470000000e+01 -6.99586500000000e+01 
 1.58535460000000e-01 -1.57752960000000e+01  2.20090240000000e+02  2.82822180000000e+01  1.74249830000000e+01  9.72435610000000e-01 -4.32420970000000e+01 -7.05785150000000e+01 -1.82477520000000e+02 -2.11536310000000e+02 -7.01648410000000e+01 -4.06903030000000e+01 
 1.58000470000000e-01 -1.57480690000000e+01  2.25467030000000e+02  2.74090640000000e+01  1.51219930000000e+01  9.78736620000000e-01 -4.29805950000000e+01 -1.04794990000000e+02 -1.82197660000000e+02 -2.03602540000000e+02 -7.47727270000000e+01 -6.18899610000000e+01 
 1.58368620000000e-01 -1.57320700000000e+01  2.19040240000000e+02  2.72322180000000e+01  2.16296980000000e+01  9.73954760000000e-01 -4.32101480000000e+01 -1.48399910000000e+02 -1.82467210000000e+02 -2.09966210000000e+02 -7.51386390000000e+01 -7.15534710000000e+01 
 1.58410530000000e-01 -1.57356210000000e+01  2.20266910000000e+02  2.73333150000000e+01  2.39270470000000e+01  9.65061060000000e-01 -4.29812230000000e+01 -1.39423750000000e+02 -1.85628840000000e+02 -2.04834480000000e+02 -7.53390980000000e+01 -4.14364270000000e+01 
 1.58109330000000e-01 -1.57320690000000e+01  2.21092800000000e+02  2.83192210000000e+01  4.09473890000000e+01  9.80192490000000e-01 -4.33210510000000e+01 -1.63824780000000e+02 -1.84357550000000e+02 -1.99790200000000e+02 -7.68116200000000e+01 -3.28168720000000e+01 
 1.58084210000000e-01 -1.57430940000000e+01  2.23530960000000e+02  2.86886330000000e+01  4.70024310000000e+01  9.99036120000000e-01 -4.35320780000000e+01 -1.83677960000000e+02 -1.86052790000000e+02 -2.01641650000000e+02 -7.46960420000000e+01 -8.81027570000000e+01 
 1.57738650000000e-01 -1.57610280000000e+01  2.24521420000000e+02  2.88673890000000e+01  4.04770960000000e+01  9.61634940000000e-01 -4.31001730000000e+01 -1.38437580000000e+02 -1.79779380000000e+02 -2.05894820000000e+02 -7.54969170000000e+01 -6.80709590000000e+01 
 1.57455170000000e-01 -1.57775420000000e+01  2.24712770000000e+02  2.95769420000000e+01  4.62633720000000e+01  9.58128270000000e-01 -4.38991520000000e+01 -1.52836500000000e+02 -1.80344180000000e+02 -2.02311640000000e+02 -7.76390500000000e+01 -8.90707480000000e+01 
 1.57903280000000e-01 -1.57891460000000e+01  2.26034710000000e+02  2.93112600000000e+01  5.58832860000000e+01  9.53499910000000e-01 -4.41158170000000e+01 -2.13127670000000e+02 -1.80020420000000e+02 -2.04200460000000e+02 -7.98556650000000e+01 -7.71698260000000e+01 
 1.57964230000000e-01 -1.58083690000000e+01  2.24307750000000e+02  2.93713050000000e+01  5.46086230000000e+01  9.49773610000000e-01 -4.38283520000000e+01 -2.36772400000000e+02 -1.80719830000000e+02 -2.00955170000000e+02 -7.76741460000000e+01 -7.06220980000000e+01 
 1.58218330000000e-01 -1.58152920000000e+01  2.24066250000000e+02  2.94374070000000e+01  5.54148820000000e+01  9.61911040000000e-01 -4.39059310000000e+01 -2.15705040000000e+02 -1.83035060000000e+02 -2.03421110000000e+02 -7.51758770000000e+01 -3.75371230000000e+01 
 1.57355200000000e-01 -1.57964120000000e+01  2.33824170000000e+02  2.94649530000000e+01  6.08839300000000e+01  9.82729400000000e-01 -4.30898270000000e+01 -2.01528330000000e+02 -1.85641750000000e+02 -2.06106000000000e+02 -7.39389640000000e+01 -3.85999020000000e+01 
 1.57787520000000e-01 -1.57613490000000e+01  2.24714190000000e+02  2.91521650000000e+01  4.90168420000000e+01  9.69153730000000e-01 -4.32191340000000e+01 -1.71860600000000e+02 -1.84017090000000e+02 -2.00485550000000e+02 -7.51668180000000e+01 -8.36676970000000e+01 
 1.57461260000000e-01 -1.57289980000000e+01  2.22021020000000e+02  2.87120420000000e+01  3.90081290000000e+01  9.51927750000000e-01 -4.22451460000000e+01 -1.34294880000000e+02 -1.77926090000000e+02 -2.02329950000000e+02 -7.51215530000000e+01 -5.15140030000000e+01 
 1.59621100000000e-01 -1.57821690000000e+01  2.15280850000000e+02  2.85441420000000e+01  4.49433010000000e+01  9.53011800000000e-01 -4.32418320000000e+01 -1.90055110000000e+02 -1.81341370000000e+02 -2.04571140000000e+02 -7.34919330000000e+01 -8.44619790000000e+00 
 1.59780190000000e-01 -1.57489950000000e+01  2.11817670000000e+02  2.83176200000000e+01  4.82618910000000e+01  9.55211940000000e-01 -4.29032610000000e+01 -2.29010110000000e+02 -1.80843920000000e+02 -1.97597750000000e+02 -7.44156580000000e+01 -6.67612180000000e+01 
 1.59376350000000e-01 -1.57512110000000e+01  2.12106920000000e+02  2.83879380000000e+01  4.46761820000000e+01  9.59946740000000e-01 -4.29954420000000e+01 -1.93816430000000e+02 -1.81151260000000e+02 -2.00250740000000e+02 -7.23531250000000e+01 -4.77903820000000e+01 
 1.59419160000000e-01 -1.57621530000000e+01  2.13893050000000e+02  2.85628590000000e+01  4.17584920000000e+01  9.90822130000000e-01 -4.43507520000000e+01 -1.74848530000000e+02 -1.86222720000000e+02 -2.01791430000000e+02 -7.35576720000000e+01 -6.18945350000000e+01 
 1.59245150000000e-01 -1.57603800000000e+01  2.17355740000000e+02  2.86592340000000e+01  4.12792520000000e+01  9.88241600000000e-01 -4.40389090000000e+01 -1.46097900000000e+02 -1.88655330000000e+02 -2.05583550000000e+02 -7.37934710000000e+01 -5.31815810000000e+01 
 1.59043000000000e-01 -1.57679760000000e+01  2.13794300000000e+02  2.88903070000000e+01  4.20656580000000e+01  9.73450270000000e-01 -4.46037990000000e+01 -1.57942770000000e+02 -1.83963530000000e+02 -2.00982440000000e+02 -7.38921610000000e+01 -6.15824810000000e+01 
 1.59215250000000e-01 -1.57549170000000e+01  2.10772450000000e+02  2.90985770000000e+01  4.31348000000000e+01  9.61896290000000e-01 -4.47040190000000e+01 -1.64552230000000e+02 -1.83277130000000e+02 -1.99201540000000e+02 -7.71535540000000e+01 -8.19240460000000e+01 
 1.59365990000000e-01 -1.57817690000000e+01  2.13216090000000e+02  2.85028750000000e+01  3.47460460000000e+01  9.63508350000000e-01 -4.47639990000000e+01 -1.55986520000000e+02 -1.82372610000000e+02 -2.06602300000000e+02 -7.59600870000000e+01 -5.88815310000000e+01 
 1.60393080000000e-01 -1.57738160000000e+01  2.11242480000000e+02  2.89291810000000e+01  3.46557480000000e+01  9.71170540000000e-01 -4.42169570000000e+01 -1.07562160000000e+02 -1.82762550000000e+02 -2.03158400000000e+02 -7.34313550000000e+01 -5.46467600000000e+01 
 1.59327980000000e-01 -1.57677120000000e+01  2.12265380000000e+02  2.95687000000000e+01  4.44291930000000e+01  9.53621820000000e-01 -4.45530080000000e+01 -1.11944260000000e+02 -1.77987460000000e+02 -2.01027770000000e+02 -7.67353770000000e+01 -3.72897950000000e+01 
 1.58737180000000e-01 -1.57813810000000e+01  2.18888720000000e+02  2.92142560000000e+01  3.94821790000000e+01  9.56303100000000e-01 -4.42744840000000e+01 -1.13299100000000e+02 -1.78630250000000e+02 -2.06861820000000e+02 -7.54052270000000e+01 -6.40537000000000e+01 
 1.59093540000000e-01 -1.57890830000000e+01  2.17726270000000e+02  2.89601350000000e+01  4.05145300000000e+01  9.35715000000000e-01 -4.39306960000000e+01 -1.57858410000000e+02 -1.78577810000000e+02 -1.97766200000000e+02 -7.77089320000000e+01 -6.96088300000000e+01 
 1.59243930000000e-01 -1.57741070000000e+01  2.14781400000000e+02  2.84923400000000e+01  3.63719960000000e+01  9.31697500000000e-01 -4.24850300000000e+01 -1.64206900000000e+02 -1.75297040000000e+02 -2.00358470000000e+02 -7.39528300000000e+01 -5.03313500000000e+01 
 1.58954860000000e-01 -1.57463540000000e+01  2.12665150000000e+02  2.86704610000000e+01  3.68505430000000e+01  9.18235950000000e-01 -4.20956910000000e+01 -1.42078110000000e+02 -1.73714610000000e+02 -1.96065130000000e+02 -7.44681100000000e+01 -4.66393770000000e+01 
 1.59509320000000e-01 -1.57744020000000e+01  2.12386010000000e+02  2.89768630000000e+01  4.40487500000000e+01  9.32127290000000e-01 -4.29080950000000e+01 -1.75876910000000e+02 -1.77470380000000e+02 -1.98171110000000e+02 -7.41317710000000e+01 -3.99005990000000e+01 
 1.59161750000000e-01 -1.57628110000000e+01  2.15580650000000e+02  2.88996540000000e+01  4.42562050000000e+01  9.57386500000000e-01 -4.30766380000000e+01 -1.74654950000000e+02 -1.78240080000000e+02 -2.03547430000000e+02 -7.43043670000000e+01 -5.71044590000000e+01 
 1.58908780000000e-01 -1.57582730000000e+01  2.13360050000000e+02  2.88162660000000e+01  5.32221560000000e+01  9.06061530000000e-01 -4.26057860000000e+01 -2.21782340000000e+02 -1.71858170000000e+02 -1.96864600000000e+02 -7.75072390000000e+01 -4.50988850000000e+01 
 1.58979170000000e-01 -1.57621780000000e+01  2.10330100000000e+02  2.90299160000000e+01  5.14573910000000e+01  9.42957430000000e-01 -4.36603620000000e+01 -2.08129730000000e+02 -1.80112420000000e+02 -1.98702330000000e+02 -7.33514010000000e+01 -4.82540150000000e+01 
 1.59177750000000e-01 -1.57810890000000e+01  2.15747670000000e+02  2.89206910000000e+01  4.44053280000000e+01  9.07302080000000e-01 -4.16797060000000e+01 -1.69752240000000e+02 -1.71712660000000e+02 -1.91322890000000e+02 -7.18118230000000e+01 -5.51108210000000e+01 
 1.58994130000000e-01 -1.57640140000000e+01  2.22339550000000e+02  2.84396930000000e+01  4.79667220000000e+01  9.43243970000000e-01 -4.17866500000000e+01 -1.84809130000000e+02 -1.78248070000000e+02 -1.99928190000000e+02 -7.29661740000000e+01 -5.23165540000000e+01 
 1.59007990000000e-01 -1.57610490000000e+01  2.18304410000000e+02  2.84491300000000e+01  3.91855700000000e+01  9.59951610000000e-01 -4.29704280000000e+01 -1.67433460000000e+02 -1.80892000000000e+02 -2.00970790000000e+02 -7.46036190000000e+01 -7.14831440000000e+01 
 1.58506090000000e-01 -1.57627370000000e+01  2.17152150000000e+02  2.87276660000000e+01  4.07348120000000e+01  9.36729940000000e-01 -4.24199230000000e+01 -1.80821940000000e+02 -1.75252410000000e+02 -2.01114670000000e+02 -7.50897850000000e+01 -5.87650190000000e+01 
 1.58038210000000e-01 -1.57344480000000e+01  2.19777320000000e+02  2.82015060000000e+01  3.76516680000000e+01  9.48575660000000e-01 -4.25308290000000e+01 -1.68019820000000e+02 -1.81205720000000e+02 -2.02030810000000e+02 -7.60715860000000e+01 -5.71954860000000e+01 
 1.58082210000000e-01 -1.57388290000000e+01  2.22422970000000e+02  2.78541380000000e+01  4.22800130000000e+01  9.50408170000000e-01 -4.21529190000000e+01 -1.96514420000000e+02 -1.81540610000000e+02 -2.00235270000000e+02 -7.43740600000000e+01 -7.57603440000000e+01 
 1.58648830000000e-01 -1.57656460000000e+01  2.25274090000000e+02  2.77376140000000e+01  3.97314690000000e+01  9.43017220000000e-01 -4.20934570000000e+01 -2.19540080000000e+02 -1.80267140000000e+02 -2.00026560000000e+02 -7.86370650000000e+01 -2.76669630000000e+01 
 1.57623520000000e-01 -1.57335890000000e+01  2.27702060000000e+02  2.77079730000000e+01  3.20126920000000e+01  9.46108650000000e-01 -4.18165200000000e+01 -1.59082770000000e+02 -1.80426680000000e+02 -2.00883490000000e+02 -7.74289640000000e+01 -5.81337440000000e+01 
 1.58074120000000e-01 -1.57525430000000e+01  2.24836120000000e+02  2.83514580000000e+01  3.62666480000000e+01  9.38645120000000e-01 -4.21024350000000e+01 -1.58820080000000e+02 -1.82297800000000e+02 -2.03326730000000e+02 -7.71885920000000e+01 -8.36447130000000e+01 
 1.59015660000000e-01 -1.57674510000000e+01  2.20260240000000e+02  2.84558660000000e+01  4.71059560000000e+01  9.25809100000000e-01 -4.14647020000000e+01 -2.08466490000000e+02 -1.71185440000000e+02 -1.95972090000000e+02 -7.47492660000000e+01 -5.12006420000000e+01 
 1.58028720000000e-01 -1.57484260000000e+01  2.19400430000000e+02  2.87113350000000e+01  4.53862730000000e+01  9.45006000000000e-01 -4.22081610000000e+01 -1.95132530000000e+02 -1.78588020000000e+02 -1.99685630000000e+02 -7.43063810000000e+01 -7.02749590000000e+01 
 1.58252350000000e-01 -1.57509380000000e+01  2.21158740000000e+02  2.82355790000000e+01  3.70687810000000e+01  9.49873480000000e-01 -4.22356770000000e+01 -1.72722700000000e+02 -1.82618370000000e+02 -1.97891820000000e+02 -7.48282750000000e+01 -6.19449690000000e+01 
 1.58825560000000e-01 -1.57620560000000e+01  2.16643060000000e+02  2.78161550000000e+01  2.88639990000000e+01  9.37458530000000e-01 -4.20528490000000e+01 -1.69326120000000e+02 -1.78717400000000e+02 -2.02776070000000e+02 -7.22370530000000e+01 -7.08690190000000e+01 
 1.59604580000000e-01 -1.57420060000000e+01  2.12563420000000e+02  2.71365000000000e+01  2.62454130000000e+01  8.92010290000000e-01 -4.10560490000000e+01 -1.50133050000000e+02 -1.72125130000000e+02 -1.93074530000000e+02 -7.35183330000000e+01 -3.24514220000000e+01 
 1.59017510000000e-01 -1.57630180000000e+01  2.12370530000000e+02  2.85975290000000e+01  3.88408250000000e+01  8.93068400000000e-01 -4.21480830000000e+01 -1.80449060000000e+02 -1.74404640000000e+02 -1.97555330000000e+02 -7.76134900000000e+01 -4.21628140000000e+01 
 1.59442150000000e-01 -1.57556140000000e+01  2.12217390000000e+02  2.83407720000000e+01  3.32520900000000e+01  8.95405990000000e-01 -4.09677280000000e+01 -1.34974380000000e+02 -1.74273130000000e+02 -2.00718160000000e+02 -7.19715160000000e+01 -2.94967440000000e+01 
 1.59392560000000e-01 -1.57595750000000e+01  2.12552650000000e+02  2.78185460000000e+01  2.89737230000000e+01  8.86304740000000e-01 -4.03339770000000e+01 -1.81720130000000e+02 -1.70834300000000e+02 -1.97719970000000e+02 -7.17473020000000e+01 -8.25474430000000e+01 
 1.59875110000000e-01 -1.57329360000000e+01  2.06041320000000e+02  2.79686970000000e+01  3.75802040000000e+01  8.76527580000000e-01 -4.01488830000000e+01 -2.15827780000000e+02 -1.68532970000000e+02 -1.93649960000000e+02 -7.30027030000000e+01 -7.66344630000000e+01 
 1.59582820000000e-01 -1.57480660000000e+01  2.08742880000000e+02  2.73099860000000e+01  3.54397440000000e+01  8.69876230000000e-01 -4.11113690000000e+01 -2.32785600000000e+02 -1.69077740000000e+02 -1.91420400000000e+02 -7.62379660000000e+01 -3.93186960000000e+01 
 1.59815350000000e-01 -1.57633080000000e+01  2.09735050000000e+02  2.70742040000000e+01  2.76455690000000e+01  8.38498460000000e-01 -3.94613140000000e+01 -2.15118220000000e+02 -1.60812490000000e+02 -1.91747450000000e+02 -7.26688590000000e+01 -5.50401230000000e+01 
 1.59384710000000e-01 -1.57463920000000e+01  2.10024740000000e+02  2.75971030000000e+01  3.20862850000000e+01  8.37389110000000e-01 -3.88618720000000e+01 -2.01755500000000e+02 -1.64858680000000e+02 -1.90678520000000e+02 -7.24721170000000e+01 -5.53597340000000e+01 
 1.60401560000000e-01 -1.57768540000000e+01  2.01598220000000e+02  2.82857890000000e+01  3.28204000000000e+01  8.05748640000000e-01 -3.92944180000000e+01 -1.83271770000000e+02 -1.54709470000000e+02 -1.89071570000000e+02 -7.08075480000000e+01 -6.06063840000000e+01 
 1.60750230000000e-01 -1.57608470000000e+01  2.03250690000000e+02  2.80821220000000e+01  3.20761660000000e+01  8.60923600000000e-01 -4.06635510000000e+01 -1.70599120000000e+02 -1.65933830000000e+02 -1.91260030000000e+02 -7.35159920000000e+01 -3.29950250000000e+01 
 1.59944910000000e-01 -1.57689830000000e+01  2.05814940000000e+02  2.76516460000000e+01  2.99067200000000e+01  8.41945240000000e-01 -3.99062600000000e+01 -2.11642620000000e+02 -1.64347740000000e+02 -1.86063640000000e+02 -7.13936160000000e+01 -8.18239170000000e+01 
 1.60985480000000e-01 -1.57754040000000e+01  2.00273780000000e+02  2.85056700000000e+01  3.87747950000000e+01  8.30209900000000e-01 -4.01732190000000e+01 -1.87807160000000e+02 -1.61272810000000e+02 -1.92355540000000e+02 -7.11566380000000e+01 -5.47276580000000e+01 
 1.61132280000000e-01 -1.57731710000000e+01  2.00881030000000e+02  2.82041820000000e+01  3.88026630000000e+01  8.23048810000000e-01 -3.95583800000000e+01 -2.11724090000000e+02 -1.60764170000000e+02 -1.91078530000000e+02 -7.15247100000000e+01 -4.02902770000000e+01 
 1.61227850000000e-01 -1.57852180000000e+01  2.02458640000000e+02  2.71167820000000e+01  2.58728960000000e+01  8.33882100000000e-01 -3.97165680000000e+01 -2.17730120000000e+02 -1.63189970000000e+02 -1.90013850000000e+02 -7.15755150000000e+01 -2.98789650000000e+01 
 1.60790170000000e-01 -1.57413610000000e+01  2.03603560000000e+02  2.70883020000000e+01  2.25622960000000e+01  8.82652260000000e-01 -3.93981690000000e+01 -1.75880020000000e+02 -1.70689220000000e+02 -1.97308550000000e+02 -6.71433800000000e+01 -4.64227680000000e+01 
 1.59464050000000e-01 -1.57270900000000e+01  2.10948950000000e+02  2.70342760000000e+01  2.56444730000000e+01  8.57116580000000e-01 -3.89292760000000e+01 -1.84657040000000e+02 -1.64629980000000e+02 -1.95192270000000e+02 -7.25983790000000e+01 -5.34695770000000e+01 
 1.58765810000000e-01 -1.57349580000000e+01  2.08876650000000e+02  2.77678510000000e+01  2.09339460000000e+01  8.48388830000000e-01 -3.98013570000000e+01 -1.19511610000000e+02 -1.67399880000000e+02 -1.87917080000000e+02 -7.30887480000000e+01 -5.33569430000000e+01 
 1.58274850000000e-01 -1.57370380000000e+01  2.15375540000000e+02  2.73590440000000e+01  2.15970500000000e+01  8.16526400000000e-01 -3.89655530000000e+01 -1.33261130000000e+02 -1.59352480000000e+02 -1.89018760000000e+02 -7.58721110000000e+01 -4.77376170000000e+01 
 1.58802530000000e-01 -1.57627850000000e+01  2.19835350000000e+02  2.77742660000000e+01  2.17383800000000e+01  8.66265710000000e-01 -4.05921880000000e+01 -1.15055170000000e+02 -1.65701790000000e+02 -1.94100580000000e+02 -7.67244070000000e+01 -5.70050350000000e+01 
 1.57893330000000e-01 -1.57489480000000e+01  2.22325010000000e+02  2.71680590000000e+01  2.23180820000000e+01  8.58629820000000e-01 -3.94483510000000e+01 -1.61373720000000e+02 -1.65107970000000e+02 -1.93016130000000e+02 -7.58579200000000e+01 -3.77290220000000e+01 
 1.59178090000000e-01 -1.57303360000000e+01  2.12866760000000e+02  2.70459000000000e+01  1.80309320000000e+01  8.70144730000000e-01 -3.99247820000000e+01 -1.34409740000000e+02 -1.64043960000000e+02 -1.94276210000000e+02 -7.43018280000000e+01 -3.85989760000000e+01 
 1.57140830000000e-01 -1.57159940000000e+01  2.22765610000000e+02  2.71358480000000e+01  2.76703370000000e+01  8.79530200000000e-01 -3.90733150000000e+01 -1.86784040000000e+02 -1.70518350000000e+02 -1.94963950000000e+02 -7.42878390000000e+01 -6.07291510000000e+01 
 1.57832500000000e-01 -1.57135740000000e+01  2.20292460000000e+02  2.74754420000000e+01  2.79185610000000e+01  9.15445670000000e-01 -4.03716020000000e+01 -1.43601430000000e+02 -1.70261560000000e+02 -1.97183060000000e+02 -7.37469800000000e+01 -4.62719400000000e+01 
 1.59064650000000e-01 -1.57373290000000e+01  2.14080040000000e+02  2.74586660000000e+01  1.97950770000000e+01  9.15238290000000e-01 -4.12496170000000e+01 -1.09224760000000e+02 -1.76131170000000e+02 -2.01673140000000e+02 -7.19737120000000e+01 -3.07093150000000e+01 
 1.58122950000000e-01 -1.57359610000000e+01  2.19041740000000e+02  2.77795520000000e+01  1.84181110000000e+01  9.26894370000000e-01 -4.07349580000000e+01 -1.07084500000000e+02 -1.70819730000000e+02 -1.97522080000000e+02 -7.24681430000000e+01 -3.77136740000000e+01 
 1.58519880000000e-01 -1.57441150000000e+01  2.19748290000000e+02  2.72682170000000e+01  2.00954340000000e+01  9.11071040000000e-01 -4.02347140000000e+01 -1.54520570000000e+02 -1.74818060000000e+02 -1.97384630000000e+02 -7.15223560000000e+01 -7.72891680000000e+01 
 1.59104690000000e-01 -1.57176660000000e+01  2.16696730000000e+02  2.71150650000000e+01  2.89220800000000e+01  9.48311910000000e-01 -4.09852210000000e+01 -1.65990380000000e+02 -1.77747940000000e+02 -1.98602490000000e+02 -7.22572830000000e+01 -3.15819790000000e+01 
 1.59228550000000e-01 -1.57095170000000e+01  2.11617240000000e+02  2.70859470000000e+01  2.12141920000000e+01  9.22989150000000e-01 -4.08419610000000e+01 -1.48002080000000e+02 -1.76877790000000e+02 -1.97903190000000e+02 -7.23405320000000e+01 -5.74385370000000e+01 
 1.58251770000000e-01 -1.57303120000000e+01  2.17867520000000e+02  2.75968750000000e+01  2.07827010000000e+01  9.16659810000000e-01 -4.03262780000000e+01 -1.20666890000000e+02 -1.72963650000000e+02 -2.04405740000000e+02 -7.16049840000000e+01 -2.94673880000000e+01 
 1.58685730000000e-01 -1.57467540000000e+01  2.17071900000000e+02  2.74771340000000e+01  1.61179240000000e+01  8.95178020000000e-01 -4.02160130000000e+01 -9.99175830000000e+01 -1.70352590000000e+02 -1.98587110000000e+02 -7.04889640000000e+01 -4.84847640000000e+01 
 1.59193710000000e-01 -1.57494050000000e+01  2.18539060000000e+02  2.78305210000000e+01  1.68027980000000e+01  9.09126730000000e-01 -4.05574290000000e+01 -1.01221320000000e+02 -1.72796300000000e+02 -2.01776920000000e+02 -7.43112680000000e+01 -6.75403030000000e+01 
 1.58924580000000e-01 -1.57606560000000e+01  2.17893030000000e+02  2.81104070000000e+01  2.25614510000000e+01  9.34558660000000e-01 -4.21345030000000e+01 -9.06393640000000e+01 -1.77217320000000e+02 -2.02307730000000e+02 -7.26945150000000e+01 -3.58272740000000e+01 
 1.58617780000000e-01 -1.57569260000000e+01  2.19417210000000e+02  2.80235330000000e+01  2.56916060000000e+01  9.60362450000000e-01 -4.28253600000000e+01 -1.24095110000000e+02 -1.83515610000000e+02 -2.11002780000000e+02 -7.33883090000000e+01 -7.95732800000000e+01 
 1.58110480000000e-01 -1.57471620000000e+01  2.19047570000000e+02  2.79832990000000e+01  2.76195740000000e+01  9.48113680000000e-01 -4.22603470000000e+01 -1.37880060000000e+02 -1.78909570000000e+02 -1.97016870000000e+02 -7.36931590000000e+01 -3.45148260000000e+01 
 1.57407310000000e-01 -1.57250720000000e+01  2.24963860000000e+02  2.78142730000000e+01  3.42544410000000e+01  9.71827360000000e-01 -4.32750270000000e+01 -1.53457540000000e+02 -1.83320500000000e+02 -2.04576710000000e+02 -7.79693270000000e+01 -3.36621020000000e+01 
 1.58569100000000e-01 -1.57297350000000e+01  2.23547720000000e+02  2.71900540000000e+01  2.61153490000000e+01  9.59072970000000e-01 -4.18408190000000e+01 -1.67315380000000e+02 -1.79827280000000e+02 -2.01265680000000e+02 -7.58829270000000e+01 -7.29896970000000e+01 
 1.57692740000000e-01 -1.57258340000000e+01  2.23412870000000e+02  2.71029080000000e+01  2.67086030000000e+01  9.24498620000000e-01 -4.01681610000000e+01 -1.86809700000000e+02 -1.79094400000000e+02 -1.99770950000000e+02 -7.27444220000000e+01 -6.35657120000000e+01 
 1.57563250000000e-01 -1.57034780000000e+01  2.23166170000000e+02  2.70192470000000e+01  2.58058170000000e+01  9.16272990000000e-01 -3.90416580000000e+01 -1.58673270000000e+02 -1.72304480000000e+02 -1.94992750000000e+02 -7.14187720000000e+01 -3.39047990000000e+01 
 1.55841700000000e-01 -1.57028100000000e+01  2.31886320000000e+02  2.70008750000000e+01  3.09233130000000e+01  8.67064600000000e-01 -3.81200160000000e+01 -1.92646620000000e+02 -1.63589220000000e+02 -1.89988930000000e+02 -7.64586480000000e+01 -6.01492310000000e+01 
 1.56099390000000e-01 -1.57254880000000e+01  2.35970740000000e+02  2.76825160000000e+01  3.48527430000000e+01  8.85765700000000e-01 -3.84455620000000e+01 -1.81824250000000e+02 -1.70348960000000e+02 -1.94615180000000e+02 -7.54734000000000e+01 -8.24939570000000e+01 
 1.56283720000000e-01 -1.57417890000000e+01  2.37513630000000e+02  2.79940660000000e+01  3.22892970000000e+01  8.56638380000000e-01 -3.71615860000000e+01 -1.48702250000000e+02 -1.64277980000000e+02 -1.93815430000000e+02 -7.35059440000000e+01 -6.90883640000000e+01 
 1.57305200000000e-01 -1.57291620000000e+01  2.27403940000000e+02  2.80900280000000e+01  3.11637820000000e+01  8.50387760000000e-01 -3.81537760000000e+01 -1.15659300000000e+02 -1.63458560000000e+02 -1.86939090000000e+02 -7.55336690000000e+01 -2.51514150000000e+01 
 1.57667900000000e-01 -1.57548850000000e+01  2.26294860000000e+02  2.80510940000000e+01  1.54787520000000e+01  8.44564960000000e-01 -3.69180160000000e+01 -8.14616980000000e+01 -1.64480330000000e+02 -1.88639390000000e+02 -6.92878050000000e+01 -4.91805560000000e+01 
 1.56765020000000e-01 -1.57312820000000e+01  2.29537570000000e+02  2.78178020000000e+01  1.88167710000000e+01  8.33015110000000e-01 -3.63728160000000e+01 -1.04507250000000e+02 -1.59304310000000e+02 -1.90328660000000e+02 -7.07287910000000e+01 -7.17829130000000e+01 
 1.56313620000000e-01 -1.57309330000000e+01  2.29787000000000e+02  2.76117350000000e+01  1.80036020000000e+01  8.21943840000000e-01 -3.64592750000000e+01 -1.09964270000000e+02 -1.59060620000000e+02 -1.87387510000000e+02 -7.23621890000000e+01 -4.60083650000000e+01 
 1.57600660000000e-01 -1.57310050000000e+01  2.20332000000000e+02  2.73374590000000e+01  2.07841190000000e+01  7.91950840000000e-01 -3.59106950000000e+01 -1.24140920000000e+02 -1.52417980000000e+02 -1.87580680000000e+02 -6.98309350000000e+01 -2.51678720000000e+01 
 1.58415560000000e-01 -1.57267440000000e+01  2.15661410000000e+02  2.79900710000000e+01  2.96705040000000e+01  8.01179500000000e-01 -3.67692080000000e+01 -1.25809360000000e+02 -1.54919070000000e+02 -1.87294170000000e+02 -7.19329060000000e+01 -2.94132810000000e+01 
 1.57742690000000e-01 -1.57385150000000e+01  2.15407080000000e+02  2.73894620000000e+01  2.51493220000000e+01  7.92098650000000e-01 -3.70661760000000e+01 -1.82685550000000e+02 -1.52920900000000e+02 -1.85810510000000e+02 -7.23999470000000e+01 -7.25653110000000e+01 
 1.57973660000000e-01 -1.57240940000000e+01  2.15401210000000e+02  2.75539800000000e+01  2.72109050000000e+01  8.09179740000000e-01 -3.63540960000000e+01 -1.58870210000000e+02 -1.59046040000000e+02 -1.87960300000000e+02 -6.86271900000000e+01 -5.14131800000000e+01 
 1.57684960000000e-01 -1.57415870000000e+01  2.22739870000000e+02  2.74447600000000e+01  1.81918030000000e+01  8.06030810000000e-01 -3.63040680000000e+01 -1.14922170000000e+02 -1.58060810000000e+02 -1.92222780000000e+02 -7.10399470000000e+01 -3.77830440000000e+01 
 1.57944110000000e-01 -1.57459140000000e+01  2.20617940000000e+02  2.78128950000000e+01  1.76770530000000e+01  8.30509280000000e-01 -3.81997880000000e+01 -9.45764480000000e+01 -1.61013910000000e+02 -1.89611170000000e+02 -7.29231480000000e+01 -4.67029580000000e+01 
 1.58405770000000e-01 -1.57705060000000e+01  2.23948190000000e+02  2.82360840000000e+01  2.10581870000000e+01  8.27550980000000e-01 -3.77881060000000e+01 -1.01501450000000e+02 -1.59012760000000e+02 -1.87474790000000e+02 -7.21662830000000e+01 -8.25243400000000e+01 
 1.57467730000000e-01 -1.57823270000000e+01  2.29910560000000e+02  2.84786810000000e+01  1.63318790000000e+01  8.50138990000000e-01 -3.82604830000000e+01 -7.08893030000000e+01 -1.62449500000000e+02 -1.95319100000000e+02 -7.11774420000000e+01 -6.61385370000000e+01 
 1.57679140000000e-01 -1.57767490000000e+01  2.29364950000000e+02  2.77621290000000e+01  1.87202700000000e+01  8.39974020000000e-01 -3.79184840000000e+01 -8.65219810000000e+01 -1.64308600000000e+02 -1.89099150000000e+02 -7.08057840000000e+01 -1.79193120000000e+01 
 1.57604410000000e-01 -1.57372630000000e+01  2.27904300000000e+02  2.79381950000000e+01  2.08789010000000e+01  8.63167000000000e-01 -3.79661800000000e+01 -9.27517880000000e+01 -1.67182870000000e+02 -1.93785140000000e+02 -7.31721190000000e+01 -3.09574810000000e+01 
 1.57456490000000e-01 -1.57279880000000e+01  2.25190450000000e+02  2.71161960000000e+01  2.34404460000000e+01  8.57459860000000e-01 -3.83460980000000e+01 -1.60084190000000e+02 -1.66143310000000e+02 -1.92839090000000e+02 -7.49505680000000e+01 -4.49799160000000e+01 
 1.57611490000000e-01 -1.57104660000000e+01  2.26060420000000e+02  2.71620530000000e+01  1.76308530000000e+01  8.92599480000000e-01 -3.78203900000000e+01 -1.16944990000000e+02 -1.71763400000000e+02 -1.94650160000000e+02 -7.10962600000000e+01 -3.64189500000000e+01 
 1.57481320000000e-01 -1.57390820000000e+01  2.28494670000000e+02  2.79443110000000e+01  2.82812880000000e+01  8.49528300000000e-01 -3.73183790000000e+01 -1.35569000000000e+02 -1.65611480000000e+02 -1.90790170000000e+02 -7.20447890000000e+01 -8.03453340000000e+01 
 1.56577180000000e-01 -1.57110240000000e+01  2.25303870000000e+02  2.71047690000000e+01  2.27811830000000e+01  8.34343630000000e-01 -3.65488440000000e+01 -1.44428700000000e+02 -1.55103330000000e+02 -1.91351850000000e+02 -7.05865740000000e+01 -4.54259740000000e+01 
 1.56839200000000e-01 -1.57205650000000e+01  2.29114330000000e+02  2.72312280000000e+01  2.84227950000000e+01  8.13025960000000e-01 -3.61945590000000e+01 -1.51732450000000e+02 -1.58512800000000e+02 -1.86653130000000e+02 -7.36870620000000e+01 -3.58073640000000e+01 
 1.57122490000000e-01 -1.57095960000000e+01  2.26529990000000e+02  2.73520490000000e+01  2.04646630000000e+01  8.00170230000000e-01 -3.55996600000000e+01 -1.27198980000000e+02 -1.57023840000000e+02 -1.83057070000000e+02 -7.22094770000000e+01 -8.90420030000000e+01 
 1.56487690000000e-01 -1.57138260000000e+01  2.28350900000000e+02  2.78346580000000e+01  3.99441220000000e+01  8.12827090000000e-01 -3.51500170000000e+01 -1.85640030000000e+02 -1.57240450000000e+02 -1.85351610000000e+02 -6.97554220000000e+01 -4.73860010000000e+01 
 1.57353010000000e-01 -1.57233220000000e+01  2.24861480000000e+02  2.78568560000000e+01  3.93504820000000e+01  8.18978320000000e-01 -3.61826050000000e+01 -1.66898090000000e+02 -1.59833760000000e+02 -1.90216380000000e+02 -7.04379630000000e+01 -4.22190800000000e+01 
 1.57333360000000e-01 -1.57294600000000e+01  2.28801110000000e+02  2.73375840000000e+01  2.79741940000000e+01  8.38373600000000e-01 -3.56755220000000e+01 -1.55770140000000e+02 -1.61835380000000e+02 -1.87243270000000e+02 -6.80704360000000e+01 -4.86005740000000e+01 
 1.56939530000000e-01 -1.57098810000000e+01  2.24852420000000e+02  2.72554220000000e+01  1.87521930000000e+01  8.10343520000000e-01 -3.57901170000000e+01 -1.13834340000000e+02 -1.53356370000000e+02 -1.87858140000000e+02 -7.08569900000000e+01 -4.82168840000000e+01 
 1.56360040000000e-01 -1.57322760000000e+01  2.31776260000000e+02  2.71522390000000e+01  1.84890510000000e+01  7.86613110000000e-01 -3.52705120000000e+01 -1.23494610000000e+02 -1.51591750000000e+02 -1.80586140000000e+02 -7.17677610000000e+01 -5.53729030000000e+01 
 1.57472050000000e-01 -1.57244020000000e+01  2.22893100000000e+02  2.74697660000000e+01  2.18253970000000e+01  8.17342320000000e-01 -3.65856410000000e+01 -1.39534770000000e+02 -1.59957680000000e+02 -1.86461810000000e+02 -7.21892420000000e+01 -8.55833620000000e+01 
 1.57710060000000e-01 -1.57145380000000e+01  2.17870080000000e+02  2.71162240000000e+01  2.41681040000000e+01  8.40087780000000e-01 -3.75624140000000e+01 -1.68530820000000e+02 -1.63781600000000e+02 -1.88889380000000e+02 -7.11872140000000e+01 -7.40895680000000e+01 
 1.57839950000000e-01 -1.56837380000000e+01  2.14024720000000e+02  2.70569740000000e+01  2.79027310000000e+01  8.57871140000000e-01 -3.93808800000000e+01 -1.87779990000000e+02 -1.65268620000000e+02 -1.91760770000000e+02 -7.81165970000000e+01 -7.53918100000000e+01 
 1.56688270000000e-01 -1.56804840000000e+01  2.18625490000000e+02  2.70462340000000e+01  2.76272290000000e+01  8.58387010000000e-01 -3.88704300000000e+01 -1.76847160000000e+02 -1.63859590000000e+02 -1.94910790000000e+02 -7.63606790000000e+01 -6.71973100000000e+01 
 1.57480850000000e-01 -1.56984540000000e+01  2.13836980000000e+02  2.72406650000000e+01  2.38710120000000e+01  8.50606350000000e-01 -3.88673380000000e+01 -1.61807250000000e+02 -1.63605060000000e+02 -1.91681810000000e+02 -7.50252040000000e+01 -3.91559470000000e+01 
 1.57574740000000e-01 -1.56977440000000e+01  2.17228340000000e+02  2.75492230000000e+01  2.49597790000000e+01  8.78183880000000e-01 -3.94205050000000e+01 -1.38048000000000e+02 -1.65043460000000e+02 -1.91623770000000e+02 -7.45736600000000e+01 -8.11169280000000e+01 
 1.58254860000000e-01 -1.56927790000000e+01  2.19053770000000e+02  2.71447480000000e+01  1.91449230000000e+01  8.83321870000000e-01 -3.94114110000000e+01 -1.29195490000000e+02 -1.70224260000000e+02 -1.97339950000000e+02 -7.72956740000000e+01 -7.46334330000000e+01 
 1.57055840000000e-01 -1.56651490000000e+01  2.14647230000000e+02  2.70300490000000e+01  1.63450450000000e+01  8.69504730000000e-01 -3.93394900000000e+01 -1.36249290000000e+02 -1.65712820000000e+02 -1.94384560000000e+02 -7.75462160000000e+01 -6.30844880000000e+01 
 1.57695520000000e-01 -1.56892810000000e+01  2.16132620000000e+02  2.70130770000000e+01  1.70589300000000e+01  8.99617230000000e-01 -3.98337370000000e+01 -1.51038430000000e+02 -1.73343430000000e+02 -1.97952510000000e+02 -7.47485050000000e+01 -8.20225680000000e+01 
 1.58484450000000e-01 -1.57402640000000e+01  2.16201630000000e+02  2.75819710000000e+01  2.93080400000000e+01  9.01507850000000e-01 -4.05993450000000e+01 -1.73288780000000e+02 -1.71991000000000e+02 -1.92516130000000e+02 -7.39222710000000e+01 -3.33955800000000e+01 
 1.58718990000000e-01 -1.57611490000000e+01  2.21297120000000e+02  2.74689510000000e+01  2.57892590000000e+01  8.97498880000000e-01 -3.96544620000000e+01 -1.73087490000000e+02 -1.74002420000000e+02 -1.92759370000000e+02 -7.20173980000000e+01 -6.11977220000000e+01 
 1.58628280000000e-01 -1.57969580000000e+01  2.25106380000000e+02  2.77284600000000e+01  2.65516370000000e+01  9.09902150000000e-01 -4.07108800000000e+01 -1.37312130000000e+02 -1.71747330000000e+02 -2.02674140000000e+02 -7.07340940000000e+01 -1.06946400000000e+01 
 1.58522100000000e-01 -1.57624970000000e+01  2.24692200000000e+02  2.81486900000000e+01  3.13594640000000e+01  9.41337720000000e-01 -4.12708810000000e+01 -1.34272330000000e+02 -1.78371970000000e+02 -2.02561900000000e+02 -7.26911720000000e+01 -4.89259700000000e+01 
 1.58067310000000e-01 -1.57952980000000e+01  2.26094740000000e+02  2.88980040000000e+01  3.02414390000000e+01  9.26444190000000e-01 -4.19328560000000e+01 -9.35436140000000e+01 -1.72917680000000e+02 -2.00429600000000e+02 -7.29456700000000e+01 -3.36302960000000e+01 
 1.59474240000000e-01 -1.58230770000000e+01  2.22553890000000e+02  2.87923590000000e+01  2.80933760000000e+01  9.09454010000000e-01 -4.18970350000000e+01 -9.31977760000000e+01 -1.71607600000000e+02 -2.00127080000000e+02 -7.12329840000000e+01 -5.44919470000000e+01 
 1.59009020000000e-01 -1.57944080000000e+01  2.18956370000000e+02  2.85762540000000e+01  2.34342430000000e+01  9.38037640000000e-01 -4.27310330000000e+01 -9.33175420000000e+01 -1.79464050000000e+02 -1.97619500000000e+02 -7.19682600000000e+01 -5.86319420000000e+01 
 1.58901610000000e-01 -1.58029260000000e+01  2.17031930000000e+02  2.89394210000000e+01  2.35977760000000e+01  9.16856220000000e-01 -4.28327300000000e+01 -8.79748000000000e+01 -1.70302280000000e+02 -1.99272310000000e+02 -7.30167190000000e+01 -7.66853240000000e+01 
 1.60645880000000e-01 -1.57874470000000e+01  2.11165740000000e+02  2.86003620000000e+01  1.82114550000000e+01  9.24791660000000e-01 -4.26709660000000e+01 -5.82659670000000e+01 -1.82679010000000e+02 -2.02932520000000e+02 -7.13186450000000e+01 -5.11014090000000e+01 
 1.59279760000000e-01 -1.57855550000000e+01  2.17504900000000e+02  2.81474430000000e+01  1.68046820000000e+01  9.35118400000000e-01 -4.28277460000000e+01 -6.96958210000000e+01 -1.77755200000000e+02 -2.02342020000000e+02 -7.19677270000000e+01 -5.25398290000000e+01 
 1.59737400000000e-01 -1.57703420000000e+01  2.14102430000000e+02  2.86012380000000e+01  2.31407860000000e+01  9.30265950000000e-01 -4.27563980000000e+01 -6.70115370000000e+01 -1.75463340000000e+02 -2.02186920000000e+02 -7.38338780000000e+01 -5.20564240000000e+01 
 1.58655360000000e-01 -1.57325510000000e+01  2.12121300000000e+02  2.81094520000000e+01  2.03961210000000e+01  9.07086500000000e-01 -4.27798750000000e+01 -1.06727430000000e+02 -1.74695880000000e+02 -2.01929100000000e+02 -7.94486940000000e+01 -5.71697880000000e+01 
 1.59590310000000e-01 -1.57625100000000e+01  2.15623910000000e+02  2.72791390000000e+01  3.13119920000000e+01  9.35994440000000e-01 -4.30269240000000e+01 -1.90996980000000e+02 -1.77533990000000e+02 -1.99234970000000e+02 -7.76325860000000e+01 -1.87339670000000e+01 
 1.59571940000000e-01 -1.57614890000000e+01  2.14114280000000e+02  2.76349030000000e+01  2.96549700000000e+01  9.56295670000000e-01 -4.31754010000000e+01 -1.67908540000000e+02 -1.82088300000000e+02 -2.04520410000000e+02 -7.37641810000000e+01 -3.78131220000000e+01 
 1.59560230000000e-01 -1.57624490000000e+01  2.12668090000000e+02  2.73552410000000e+01  2.76257830000000e+01  9.69052040000000e-01 -4.39538400000000e+01 -1.78807380000000e+02 -1.78002050000000e+02 -2.04489190000000e+02 -7.51487230000000e+01 -2.45589510000000e+01 
 1.59910340000000e-01 -1.57597540000000e+01  2.14910360000000e+02  2.77755850000000e+01  3.05696450000000e+01  9.76273500000000e-01 -4.33370070000000e+01 -1.48456940000000e+02 -1.83380410000000e+02 -2.07217040000000e+02 -7.25067160000000e+01 -4.21543530000000e+01 
 1.58151810000000e-01 -1.57470210000000e+01  2.15280480000000e+02  2.75032430000000e+01  1.88420070000000e+01  9.60704690000000e-01 -4.34541740000000e+01 -1.47903020000000e+02 -1.78968800000000e+02 -2.06371290000000e+02 -7.49512830000000e+01 -6.18743220000000e+01 
 1.58135550000000e-01 -1.57288180000000e+01  2.18258150000000e+02  2.74741650000000e+01  2.80503870000000e+01  9.62012490000000e-01 -4.17538550000000e+01 -1.59485600000000e+02 -1.77594370000000e+02 -2.03389980000000e+02 -7.12697530000000e+01 -3.38804470000000e+01 
 1.57631780000000e-01 -1.57266260000000e+01  2.28225900000000e+02  2.72466200000000e+01  1.93069710000000e+01  9.65357390000000e-01 -4.27602360000000e+01 -1.13778580000000e+02 -1.80404960000000e+02 -2.04150320000000e+02 -7.87447250000000e+01 -3.71823420000000e+01 
 1.57493350000000e-01 -1.57573780000000e+01  2.32327330000000e+02  2.71211020000000e+01  2.18826510000000e+01  9.73085520000000e-01 -4.30317170000000e+01 -1.58664680000000e+02 -1.84971760000000e+02 -2.04053870000000e+02 -7.82753100000000e+01 -7.55475740000000e+01 
 1.57550210000000e-01 -1.57437830000000e+01  2.29782400000000e+02  2.74037190000000e+01  3.13110830000000e+01  1.00803980000000e+00 -4.33253550000000e+01 -1.78548380000000e+02 -1.91834740000000e+02 -2.10129380000000e+02 -7.45891680000000e+01 -6.13235520000000e+01 
 1.57957120000000e-01 -1.57527760000000e+01  2.29597910000000e+02  2.72822450000000e+01  2.47302650000000e+01  1.02051150000000e+00 -4.34140960000000e+01 -1.59072030000000e+02 -1.92944810000000e+02 -2.13042470000000e+02 -7.30042050000000e+01 -6.71037030000000e+01 
 1.59037770000000e-01 -1.57413790000000e+01  2.21155680000000e+02  2.70635150000000e+01  1.65400930000000e+01  1.02440370000000e+00 -4.37238310000000e+01 -1.24122830000000e+02 -1.90666210000000e+02 -2.07687820000000e+02 -7.11344210000000e+01 -5.79091910000000e+01 
 1.59709020000000e-01 -1.57571250000000e+01  2.16731440000000e+02  2.76150440000000e+01  1.69045370000000e+01  1.01735080000000e+00 -4.49984880000000e+01 -1.06410650000000e+02 -1.92095000000000e+02 -2.08055780000000e+02 -7.52528360000000e+01 -4.96772980000000e+01 
 1.58386400000000e-01 -1.57561960000000e+01  2.24897490000000e+02  2.75483540000000e+01  2.02955270000000e+01  9.95350120000000e-01 -4.43316060000000e+01 -9.68843770000000e+01 -1.84938830000000e+02 -2.11094950000000e+02 -7.63319830000000e+01 -1.37064440000000e+01 
 1.57363630000000e-01 -1.57687440000000e+01  2.29643000000000e+02  2.84899460000000e+01  1.95594510000000e+01  1.04536960000000e+00 -4.51184230000000e+01 -6.28586090000000e+01 -1.90258530000000e+02 -2.17514630000000e+02 -7.14120720000000e+01 -6.21448170000000e+01 
 1.56420150000000e-01 -1.57193880000000e+01  2.28961820000000e+02  2.76616190000000e+01  1.50910240000000e+01  1.02311100000000e+00 -4.44673340000000e+01 -7.70834960000000e+01 -1.90971470000000e+02 -2.08774070000000e+02 -7.67731830000000e+01 -5.26827490000000e+00 
 1.56264360000000e-01 -1.57276610000000e+01  2.30892730000000e+02  2.78732740000000e+01  2.40634960000000e+01  9.88705780000000e-01 -4.35907220000000e+01 -1.03242860000000e+02 -1.85796790000000e+02 -2.03970190000000e+02 -7.72207510000000e+01 -4.66650090000000e+01 
 1.56458500000000e-01 -1.57412500000000e+01  2.33330060000000e+02  2.73237050000000e+01  2.17690780000000e+01  1.02859210000000e+00 -4.42939460000000e+01 -1.09414890000000e+02 -1.92079960000000e+02 -2.14235080000000e+02 -7.34301020000000e+01 -2.28736350000000e+01 
 1.56547240000000e-01 -1.57329940000000e+01  2.33917740000000e+02  2.76516180000000e+01  1.75323550000000e+01  1.02312010000000e+00 -4.35418060000000e+01 -9.25638400000000e+01 -1.90816230000000e+02 -2.01891930000000e+02 -7.34461500000000e+01 -4.88292250000000e+01 
 1.55998220000000e-01 -1.57052940000000e+01  2.34694470000000e+02  2.71693710000000e+01  2.16414980000000e+01  1.03255270000000e+00 -4.34243740000000e+01 -1.25339820000000e+02 -1.93429390000000e+02 -2.12693270000000e+02 -7.38699310000000e+01 -6.26729650000000e+01 
 1.57026850000000e-01 -1.57205550000000e+01  2.32832490000000e+02  2.72947970000000e+01  2.77045830000000e+01  1.03036190000000e+00 -4.34360210000000e+01 -1.55946590000000e+02 -1.89247050000000e+02 -2.10557410000000e+02 -7.55937690000000e+01 -5.16533910000000e+01 
 1.56485880000000e-01 -1.57095490000000e+01  2.35551880000000e+02  2.70689560000000e+01  3.10630820000000e+01  1.05194780000000e+00 -4.45257330000000e+01 -1.97546400000000e+02 -1.94241610000000e+02 -2.11660440000000e+02 -7.99262320000000e+01 -7.52984500000000e+01 
 1.57152840000000e-01 -1.57414490000000e+01  2.25452190000000e+02  2.76359030000000e+01  2.26232180000000e+01  1.01914570000000e+00 -4.48542510000000e+01 -1.37719110000000e+02 -1.90826280000000e+02 -2.12219030000000e+02 -7.65231750000000e+01 -5.65942300000000e+01 
 1.58727780000000e-01 -1.57753920000000e+01  2.22257280000000e+02  2.74218710000000e+01  1.76647740000000e+01  1.02714480000000e+00 -4.54698680000000e+01 -1.22305540000000e+02 -1.86415520000000e+02 -2.15043270000000e+02 -7.38789840000000e+01 -4.25055960000000e+01 
 1.58523380000000e-01 -1.57521980000000e+01  2.24144700000000e+02  2.77868160000000e+01  2.37122810000000e+01  1.06640360000000e+00 -4.57831390000000e+01 -1.05188130000000e+02 -1.95700030000000e+02 -2.16180710000000e+02 -7.22685980000000e+01 -4.85227640000000e+01 
 1.58254650000000e-01 -1.57364090000000e+01  2.23338430000000e+02  2.80644070000000e+01  2.36934050000000e+01  1.04136240000000e+00 -4.49004980000000e+01 -9.81166160000000e+01 -1.90502580000000e+02 -2.15526970000000e+02 -7.42076080000000e+01 -3.56532310000000e+01 
 1.58195340000000e-01 -1.57709210000000e+01  2.24719580000000e+02  2.82664640000000e+01  2.56193950000000e+01  1.03590180000000e+00 -4.54779400000000e+01 -8.79651250000000e+01 -1.94097840000000e+02 -2.07641420000000e+02 -7.27340500000000e+01 -2.55818040000000e+01 
 1.57725200000000e-01 -1.57466140000000e+01  2.25257370000000e+02  2.82405690000000e+01  2.82006400000000e+01  1.03457580000000e+00 -4.52817860000000e+01 -1.03721440000000e+02 -1.92783200000000e+02 -2.03776810000000e+02 -7.48656080000000e+01 -4.12964500000000e+01 
 1.57919380000000e-01 -1.57349590000000e+01  2.23945710000000e+02  2.71397200000000e+01  2.06146130000000e+01  1.04877370000000e+00 -4.59664960000000e+01 -1.14814260000000e+02 -1.96462020000000e+02 -2.11068140000000e+02 -7.55168480000000e+01 -3.96854400000000e+01 
 1.58916110000000e-01 -1.57495420000000e+01  2.22175920000000e+02  2.70985590000000e+01  1.68939270000000e+01  1.04592640000000e+00 -4.62145710000000e+01 -1.17442640000000e+02 -1.92957110000000e+02 -2.13714340000000e+02 -7.76296830000000e+01 -2.37526160000000e+01 
 1.60445760000000e-01 -1.57738160000000e+01  2.11367880000000e+02  2.79087580000000e+01  1.74295710000000e+01  9.84266430000000e-01 -4.55384700000000e+01 -9.38334170000000e+01 -1.85864050000000e+02 -2.12972360000000e+02 -7.78592720000000e+01 -3.62632290000000e+01 
 1.59564650000000e-01 -1.57742150000000e+01  2.13202160000000e+02  2.82174220000000e+01  1.84737190000000e+01  9.75376590000000e-01 -4.51359600000000e+01 -6.35227740000000e+01 -1.83393980000000e+02 -2.10199760000000e+02 -7.45667650000000e+01 -1.68506450000000e+01 
 1.59915790000000e-01 -1.57747730000000e+01  2.13637400000000e+02  2.84952300000000e+01  2.49407560000000e+01  9.87736920000000e-01 -4.45334220000000e+01 -1.05908980000000e+02 -1.81847940000000e+02 -2.05992960000000e+02 -7.40028210000000e+01 -6.62994430000000e+01 
 1.60259740000000e-01 -1.57767430000000e+01  2.11442260000000e+02  2.81818280000000e+01  2.97787170000000e+01  9.78612010000000e-01 -4.40079290000000e+01 -1.58428470000000e+02 -1.86758080000000e+02 -2.00033140000000e+02 -7.31374760000000e+01 -5.72549980000000e+01 
 1.59153380000000e-01 -1.57637240000000e+01  2.15905790000000e+02  2.73636970000000e+01  2.97024730000000e+01  9.62154910000000e-01 -4.34807100000000e+01 -1.64404060000000e+02 -1.84759790000000e+02 -2.01795140000000e+02 -7.40455640000000e+01 -1.74593150000000e+00 
 1.58672050000000e-01 -1.57463610000000e+01  2.15196850000000e+02  2.80416860000000e+01  3.20933000000000e+01  9.55531910000000e-01 -4.36560890000000e+01 -1.64435660000000e+02 -1.83564020000000e+02 -2.00400500000000e+02 -7.77930950000000e+01 -3.63568070000000e+01 
 1.59366320000000e-01 -1.57350020000000e+01  2.13825680000000e+02  2.76047030000000e+01  2.76326530000000e+01  9.64616620000000e-01 -4.42794280000000e+01 -1.20419610000000e+02 -1.80361540000000e+02 -2.06638530000000e+02 -7.79020420000000e+01  4.79526790000000e-01 
 1.59948870000000e-01 -1.57283900000000e+01  2.08580710000000e+02  2.73714400000000e+01  1.67874680000000e+01  9.70381670000000e-01 -4.40515380000000e+01 -1.25727890000000e+02 -1.85095290000000e+02 -2.05129740000000e+02 -7.61948810000000e+01 -8.02738570000000e+01 
 1.59247720000000e-01 -1.57246980000000e+01  2.13375090000000e+02  2.73641510000000e+01  2.42619080000000e+01  1.00270280000000e+00 -4.46936780000000e+01 -1.25211750000000e+02 -1.82702140000000e+02 -2.10056470000000e+02 -7.55349640000000e+01 -3.63940280000000e+01 
 1.59095050000000e-01 -1.57431430000000e+01  2.18519840000000e+02  2.77225380000000e+01  2.58196550000000e+01  1.02583700000000e+00 -4.45641580000000e+01 -1.42438960000000e+02 -1.87235860000000e+02 -2.07308030000000e+02 -7.48712590000000e+01 -5.12639530000000e+01 
 1.59150160000000e-01 -1.57584020000000e+01  2.14002250000000e+02  2.81150460000000e+01  3.36715520000000e+01  1.00676390000000e+00 -4.51960740000000e+01 -1.60038440000000e+02 -1.90159770000000e+02 -2.11323420000000e+02 -7.47286150000000e+01 -4.31643170000000e+01 
 1.59859710000000e-01 -1.57713720000000e+01  2.13642150000000e+02  2.81506020000000e+01  3.50059650000000e+01  1.02302120000000e+00 -4.54881570000000e+01 -1.68544880000000e+02 -1.93047070000000e+02 -2.11039250000000e+02 -7.23878990000000e+01 -7.34914780000000e+01 
 1.59919860000000e-01 -1.57703410000000e+01  2.15717330000000e+02  2.75764850000000e+01  2.76938980000000e+01  1.00431210000000e+00 -4.48465610000000e+01 -1.41802360000000e+02 -1.87038450000000e+02 -2.11697270000000e+02 -7.42738650000000e+01  7.50044980000000e-01 
 1.59708470000000e-01 -1.57701600000000e+01  2.13152640000000e+02  2.77136670000000e+01  2.81175780000000e+01  1.00191510000000e+00 -4.56284000000000e+01 -1.58860350000000e+02 -1.87691840000000e+02 -2.06972990000000e+02 -7.50910160000000e+01 -5.51437940000000e+01 
 1.59200760000000e-01 -1.57309110000000e+01  2.19086070000000e+02  2.71307650000000e+01  2.01657210000000e+01  1.00382320000000e+00 -4.40264180000000e+01 -1.22923800000000e+02 -1.89394410000000e+02 -2.15276640000000e+02 -7.55962070000000e+01 -3.83921270000000e+01 
 1.58590650000000e-01 -1.57311560000000e+01  2.21507430000000e+02  2.74713160000000e+01  2.38769640000000e+01  1.04570370000000e+00 -4.51687010000000e+01 -1.20708510000000e+02 -1.93716750000000e+02 -2.11454430000000e+02 -7.45553440000000e+01 -3.02362740000000e+01 
 1.58472370000000e-01 -1.57526080000000e+01  2.24696670000000e+02  2.75932400000000e+01  3.34761080000000e+01  1.04096280000000e+00 -4.57037580000000e+01 -1.67812620000000e+02 -1.95861760000000e+02 -2.12382460000000e+02 -7.79596090000000e+01 -1.63043540000000e+01 
 1.58166910000000e-01 -1.57536150000000e+01  2.20934730000000e+02  2.78085190000000e+01  2.72545200000000e+01  1.06950870000000e+00 -4.74134850000000e+01 -1.28871150000000e+02 -1.93912200000000e+02 -2.12665970000000e+02 -7.60174510000000e+01 -2.24589820000000e+01 
 1.59003650000000e-01 -1.57592480000000e+01  2.18101900000000e+02  2.76261980000000e+01  2.48820050000000e+01  1.09103480000000e+00 -4.82083010000000e+01 -1.20084280000000e+02 -2.00475730000000e+02 -2.19794880000000e+02 -7.45757820000000e+01 -3.32945790000000e+01 
 1.60733010000000e-01 -1.57758170000000e+01  2.11994580000000e+02  2.83084050000000e+01  3.28949450000000e+01  1.09235320000000e+00 -4.91981320000000e+01 -1.30526970000000e+02 -2.03139610000000e+02 -2.17637860000000e+02 -7.75620740000000e+01 -3.94387750000000e+01 
 1.60087160000000e-01 -1.57418090000000e+01  2.12972660000000e+02  2.76648380000000e+01  3.37398290000000e+01  1.11010570000000e+00 -4.95889890000000e+01 -1.78054600000000e+02 -2.06706230000000e+02 -2.21192600000000e+02 -8.06719900000000e+01 -5.12299340000000e+01 
 1.59819380000000e-01 -1.57421990000000e+01  2.12494060000000e+02  2.76528010000000e+01  3.78566240000000e+01  1.10313570000000e+00 -4.99330230000000e+01 -2.00263240000000e+02 -2.03206080000000e+02 -2.17060440000000e+02 -8.18936300000000e+01 -4.90742510000000e+01 
 1.59342150000000e-01 -1.57351450000000e+01  2.13217270000000e+02  2.73002060000000e+01  4.05510090000000e+01  1.14305800000000e+00 -5.15748960000000e+01 -2.25525380000000e+02 -2.09310210000000e+02 -2.26635830000000e+02 -8.23408870000000e+01 -3.35329130000000e+01 
 1.59548240000000e-01 -1.57669010000000e+01  2.16585140000000e+02  2.84268660000000e+01  5.00341940000000e+01  1.13196310000000e+00 -5.14913200000000e+01 -1.84002030000000e+02 -2.08005780000000e+02 -2.21891520000000e+02 -8.15604450000000e+01 -5.18255170000000e+00 
 1.59339380000000e-01 -1.57644280000000e+01  2.14697720000000e+02  2.89550680000000e+01  4.98000540000000e+01  1.12530530000000e+00 -5.06325440000000e+01 -1.87922660000000e+02 -2.00237590000000e+02 -2.20342190000000e+02 -7.96580820000000e+01 -5.23226730000000e+01 
 1.59574800000000e-01 -1.57451770000000e+01  2.06937030000000e+02  2.85942000000000e+01  4.77052950000000e+01  1.12077050000000e+00 -5.10560810000000e+01 -2.14384750000000e+02 -2.05576930000000e+02 -2.21229760000000e+02 -8.01141520000000e+01 -4.09224650000000e+01 
 1.59731000000000e-01 -1.57267310000000e+01  2.06709510000000e+02  2.81759700000000e+01  4.91138510000000e+01  1.10903900000000e+00 -5.00274300000000e+01 -2.38627220000000e+02 -2.01210490000000e+02 -2.17527090000000e+02 -8.03770860000000e+01 -5.47893420000000e+01 
 1.59677480000000e-01 -1.57176490000000e+01  2.06727230000000e+02  2.81709640000000e+01  4.70527400000000e+01  1.11299540000000e+00 -5.06713450000000e+01 -2.13606220000000e+02 -2.07191040000000e+02 -2.18129400000000e+02 -8.27168400000000e+01 -3.72810070000000e+01 
 1.60291840000000e-01 -1.57610030000000e+01  2.06183160000000e+02  2.82221100000000e+01  4.92473350000000e+01  1.09421360000000e+00 -5.04251310000000e+01 -2.36137110000000e+02 -2.01460530000000e+02 -2.02742460000000e+02 -7.94717750000000e+01 -3.52541830000000e+01 
 1.60003220000000e-01 -1.57711930000000e+01  2.09925640000000e+02  2.89746960000000e+01  4.83745360000000e+01  1.11009580000000e+00 -5.10656460000000e+01 -1.88848290000000e+02 -2.02330520000000e+02 -2.12547120000000e+02 -8.12142360000000e+01 -4.36523420000000e+01 
 1.60903570000000e-01 -1.58031510000000e+01  2.09552860000000e+02  2.90794780000000e+01  4.72050970000000e+01  1.06731410000000e+00 -4.95766940000000e+01 -1.83866410000000e+02 -1.98649840000000e+02 -2.16316300000000e+02 -8.00740070000000e+01 -2.20691460000000e+01 
 1.60579290000000e-01 -1.58091940000000e+01  2.09697230000000e+02  2.96997840000000e+01  6.27805900000000e+01  1.07221210000000e+00 -5.02537580000000e+01 -2.38086840000000e+02 -1.98248540000000e+02 -2.12586000000000e+02 -7.99773240000000e+01 -4.98891920000000e+01 
 1.60123840000000e-01 -1.57796980000000e+01  2.09422520000000e+02  2.94207870000000e+01  5.85077290000000e+01  1.09280500000000e+00 -5.00985280000000e+01 -2.22101290000000e+02 -1.97380230000000e+02 -2.17719580000000e+02 -7.89053680000000e+01 -5.07025810000000e+01 
 1.59879160000000e-01 -1.57709540000000e+01  2.07987350000000e+02  2.84032050000000e+01  4.75310310000000e+01  1.10617990000000e+00 -5.06895240000000e+01 -2.11191050000000e+02 -2.02326910000000e+02 -2.16468950000000e+02 -7.73863950000000e+01 -1.46829050000000e+01 
 1.60635300000000e-01 -1.57900930000000e+01  2.09299850000000e+02  2.86669390000000e+01  4.20535490000000e+01  1.10538760000000e+00 -5.07622910000000e+01 -1.67857020000000e+02 -2.06364880000000e+02 -2.19600220000000e+02 -7.83371020000000e+01 -3.77007990000000e+01 
 1.61854330000000e-01 -1.58023410000000e+01  2.05574360000000e+02  2.93682190000000e+01  5.17834570000000e+01  1.10272190000000e+00 -5.07947950000000e+01 -1.96579170000000e+02 -2.05378310000000e+02 -2.17417110000000e+02 -7.92335180000000e+01 -5.37932130000000e+01 
 1.61381010000000e-01 -1.58215340000000e+01  2.05715840000000e+02  2.94905800000000e+01  5.23273480000000e+01  1.07182510000000e+00 -5.04098550000000e+01 -1.88017220000000e+02 -1.96754320000000e+02 -2.15518080000000e+02 -7.74417740000000e+01 -1.05904320000000e+01 
 1.61643620000000e-01 -1.57944910000000e+01  2.04297790000000e+02  2.96372210000000e+01  5.88006750000000e+01  1.09435330000000e+00 -5.16119300000000e+01 -2.04687790000000e+02 -2.01945510000000e+02 -2.15461150000000e+02 -8.29614330000000e+01 -1.82808240000000e+01 
 1.60707550000000e-01 -1.57938550000000e+01  2.07744200000000e+02  2.97952720000000e+01  5.92320920000000e+01  1.10284280000000e+00 -5.08076570000000e+01 -1.92596740000000e+02 -2.02488030000000e+02 -2.17632920000000e+02 -7.69748880000000e+01 -4.77865480000000e+01 
 1.59846630000000e-01 -1.57801060000000e+01  2.06010100000000e+02  3.00436040000000e+01  5.86910090000000e+01  1.07574710000000e+00 -5.04394820000000e+01 -2.01455780000000e+02 -1.95036020000000e+02 -2.16623890000000e+02 -7.96048630000000e+01 -7.27090170000000e+01 
 1.60597240000000e-01 -1.57858340000000e+01  2.09647040000000e+02  2.91891940000000e+01  5.59440440000000e+01  1.08472510000000e+00 -5.05141110000000e+01 -2.08102010000000e+02 -1.99091070000000e+02 -2.14424460000000e+02 -8.15486760000000e+01 -2.95658420000000e+01 
 1.60855740000000e-01 -1.57792020000000e+01  2.08748220000000e+02  2.89172090000000e+01  5.12137640000000e+01  1.12754840000000e+00 -5.10427830000000e+01 -1.97124360000000e+02 -2.03891810000000e+02 -2.22713770000000e+02 -7.80545630000000e+01 -3.58924330000000e+01 
 1.60286240000000e-01 -1.57918570000000e+01  2.08221350000000e+02  2.94985920000000e+01  4.64124100000000e+01  1.11509660000000e+00 -5.23347270000000e+01 -1.52798020000000e+02 -2.08532280000000e+02 -2.23084180000000e+02 -8.29878340000000e+01 -1.27586330000000e+01 
 1.61203650000000e-01 -1.58414860000000e+01  2.11272070000000e+02  3.03355880000000e+01  5.45925140000000e+01  1.10644390000000e+00 -5.19996770000000e+01 -1.64313480000000e+02 -2.02706830000000e+02 -2.17363440000000e+02 -8.23188190000000e+01 -1.66290660000000e+01 
 1.61363280000000e-01 -1.58498870000000e+01  2.07923670000000e+02  3.02363980000000e+01  5.95746070000000e+01  1.08108390000000e+00 -5.26381280000000e+01 -1.81125150000000e+02 -1.98338670000000e+02 -2.11070410000000e+02 -8.37549420000000e+01  2.08107060000000e+00 
 1.60438290000000e-01 -1.58169100000000e+01  2.09896430000000e+02  3.03039340000000e+01  6.15517620000000e+01  1.12154740000000e+00 -5.34341210000000e+01 -1.84521590000000e+02 -2.07854540000000e+02 -2.19713700000000e+02 -8.49720200000000e+01  5.68674530000000e+00 
 1.61616980000000e-01 -1.58349810000000e+01  2.09983730000000e+02  3.03863870000000e+01  6.47932570000000e+01  1.14929010000000e+00 -5.27052830000000e+01 -1.94445480000000e+02 -2.14094880000000e+02 -2.24165310000000e+02 -7.85649140000000e+01 -1.21173020000000e+00 
 1.61387730000000e-01 -1.58245150000000e+01  2.04951070000000e+02  3.05754160000000e+01  5.31341340000000e+01  1.13491290000000e+00 -5.43150800000000e+01 -1.42977490000000e+02 -2.04138340000000e+02 -2.20530560000000e+02 -8.36006520000000e+01 -5.85890120000000e+01 
 1.62331470000000e-01 -1.58458510000000e+01  2.04948330000000e+02  3.06010210000000e+01  6.35413560000000e+01  1.15851470000000e+00 -5.51994880000000e+01 -1.88292410000000e+02 -2.12716570000000e+02 -2.23137050000000e+02 -8.40684530000000e+01  1.93678550000000e+01 
 1.61018670000000e-01 -1.58179600000000e+01  2.07369690000000e+02  3.06203910000000e+01  5.76108190000000e+01  1.17495030000000e+00 -5.50043360000000e+01 -1.44026360000000e+02 -2.12868600000000e+02 -2.22808900000000e+02 -8.20342510000000e+01 -2.89020780000000e+01 
 1.60992580000000e-01 -1.58170910000000e+01  2.09006820000000e+02  2.98900510000000e+01  5.00912960000000e+01  1.17335550000000e+00 -5.56493920000000e+01 -1.38324900000000e+02 -2.08696660000000e+02 -2.24166810000000e+02 -8.51787560000000e+01 -3.27942160000000e+01 
 1.61946690000000e-01 -1.58218200000000e+01  2.07205870000000e+02  2.96355840000000e+01  5.03468890000000e+01  1.21243160000000e+00 -5.63317340000000e+01 -1.52730180000000e+02 -2.14123030000000e+02 -2.25216180000000e+02 -8.27369500000000e+01  1.60909910000000e+00 
 1.61787710000000e-01 -1.58076410000000e+01  2.07238850000000e+02  2.89380490000000e+01  4.12043040000000e+01  1.18158720000000e+00 -5.50934350000000e+01 -1.37781750000000e+02 -2.12842250000000e+02 -2.22095860000000e+02 -8.31448320000000e+01 -1.08371930000000e+01 
 1.61713240000000e-01 -1.57857390000000e+01  2.03219390000000e+02  2.86750790000000e+01  4.37574520000000e+01  1.15323270000000e+00 -5.36603320000000e+01 -1.85621700000000e+02 -2.12941600000000e+02 -2.24957350000000e+02 -8.22439840000000e+01 -4.29088020000000e+01 
 1.62015880000000e-01 -1.57869200000000e+01  2.03711710000000e+02  2.84105000000000e+01  4.61627510000000e+01  1.14113870000000e+00 -5.28629110000000e+01 -2.05512350000000e+02 -2.04529570000000e+02 -2.17703030000000e+02 -8.18736820000000e+01 -1.03626780000000e+01 
 1.62099650000000e-01 -1.58061730000000e+01  2.01942240000000e+02  2.91545200000000e+01  5.08114540000000e+01  1.10837250000000e+00 -5.24589390000000e+01 -2.01285820000000e+02 -2.01979890000000e+02 -2.15067560000000e+02 -8.05638810000000e+01 -4.34201410000000e+01 
 1.60947740000000e-01 -1.57868520000000e+01  2.05779750000000e+02  2.97556410000000e+01  5.41546730000000e+01  1.10307830000000e+00 -5.17694370000000e+01 -1.77178730000000e+02 -1.95993990000000e+02 -2.16539090000000e+02 -8.22218790000000e+01 -5.60290150000000e+01 
 1.60443690000000e-01 -1.57886230000000e+01  2.06799470000000e+02  2.96184300000000e+01  5.93043960000000e+01  1.10888080000000e+00 -5.19188180000000e+01 -2.16387350000000e+02 -2.00535500000000e+02 -2.19254590000000e+02 -8.09055970000000e+01 -5.91260350000000e+01 
 1.60615280000000e-01 -1.57918190000000e+01  2.11237610000000e+02  2.93701040000000e+01  5.76384000000000e+01  1.13618550000000e+00 -5.21547290000000e+01 -2.06800860000000e+02 -2.04685340000000e+02 -2.23474660000000e+02 -8.08551180000000e+01 -2.96041490000000e+01 
 1.60797060000000e-01 -1.57944610000000e+01  2.13637120000000e+02  2.93820160000000e+01  5.87266660000000e+01  1.18239870000000e+00 -5.36847640000000e+01 -1.87719390000000e+02 -2.18859120000000e+02 -2.23632140000000e+02 -8.09249850000000e+01 -2.77682950000000e+01 
 1.60686200000000e-01 -1.57789800000000e+01  2.07687200000000e+02  2.96963400000000e+01  5.77635090000000e+01  1.19735480000000e+00 -5.42598540000000e+01 -1.81417050000000e+02 -2.14413420000000e+02 -2.22758590000000e+02 -7.96161880000000e+01 -2.29623390000000e+01 
 1.61522630000000e-01 -1.57464700000000e+01  2.00182160000000e+02  2.91142700000000e+01  5.88737470000000e+01  1.20178760000000e+00 -5.55275730000000e+01 -2.25785880000000e+02 -2.13818190000000e+02 -2.26748850000000e+02 -8.47955180000000e+01  1.41252510000000e+01 
 1.61399330000000e-01 -1.57602680000000e+01  2.04762280000000e+02  2.83668040000000e+01  4.60578150000000e+01  1.19278120000000e+00 -5.51100620000000e+01 -2.02534400000000e+02 -2.12264100000000e+02 -2.22547990000000e+02 -8.68245770000000e+01 -2.75163930000000e+00 
 1.62039840000000e-01 -1.57923010000000e+01  2.02522820000000e+02  2.89035480000000e+01  5.11411530000000e+01  1.19810250000000e+00 -5.60063670000000e+01 -2.04025320000000e+02 -2.14620640000000e+02 -2.27693990000000e+02 -8.45819690000000e+01 -1.01451570000000e+01 
 1.61524290000000e-01 -1.58004320000000e+01  2.02860290000000e+02  2.96951070000000e+01  6.31850360000000e+01  1.20650230000000e+00 -5.69616740000000e+01 -2.18063910000000e+02 -2.17381730000000e+02 -2.29767250000000e+02 -8.50197540000000e+01  9.08843840000000e+00 
 1.61754480000000e-01 -1.58050100000000e+01  2.03908180000000e+02  3.03412440000000e+01  5.84669630000000e+01  1.22902350000000e+00 -5.63158820000000e+01 -1.61511900000000e+02 -2.16170010000000e+02 -2.25397440000000e+02 -7.94544350000000e+01 -1.99666400000000e+01 
 1.61919220000000e-01 -1.58012010000000e+01  2.03418670000000e+02  2.92230310000000e+01  5.52381220000000e+01  1.19529700000000e+00 -5.54327260000000e+01 -2.23957410000000e+02 -2.14255540000000e+02 -2.24122810000000e+02 -8.16193180000000e+01 -5.39381750000000e+01 
 1.62276820000000e-01 -1.57606350000000e+01  2.00082900000000e+02  2.90086050000000e+01  5.67213700000000e+01  1.21581700000000e+00 -5.51419750000000e+01 -2.38279480000000e+02 -2.19046560000000e+02 -2.29362930000000e+02 -8.10411810000000e+01 -6.30772010000000e+01 
 1.61592970000000e-01 -1.57649570000000e+01  2.06200980000000e+02  2.85538440000000e+01  5.22683020000000e+01  1.17673140000000e+00 -5.29093700000000e+01 -2.19317110000000e+02 -2.12910320000000e+02 -2.23386690000000e+02 -8.13701310000000e+01 -1.90220560000000e+00 
 1.60335700000000e-01 -1.57737120000000e+01  2.06362160000000e+02  2.87811070000000e+01  4.77189650000000e+01  1.17233160000000e+00 -5.33056580000000e+01 -2.32790300000000e+02 -2.15697420000000e+02 -2.23844010000000e+02 -7.90310020000000e+01 -8.66355090000000e+01 
 1.61987420000000e-01 -1.57924050000000e+01  2.04998070000000e+02  2.89543900000000e+01  4.39375640000000e+01  1.16063680000000e+00 -5.24807420000000e+01 -1.64397670000000e+02 -2.12434720000000e+02 -2.25735630000000e+02 -7.76746170000000e+01 -3.48186800000000e+01 
 1.61667230000000e-01 -1.57706690000000e+01  2.04983430000000e+02  2.86702950000000e+01  4.31701430000000e+01  1.14483680000000e+00 -5.30058710000000e+01 -1.73072570000000e+02 -2.09528450000000e+02 -2.23701540000000e+02 -8.32902470000000e+01 -4.87469560000000e+01 
 1.60730010000000e-01 -1.57629480000000e+01  2.07542690000000e+02  2.84922410000000e+01  3.94051060000000e+01  1.14139190000000e+00 -5.26598690000000e+01 -1.57708440000000e+02 -2.07482600000000e+02 -2.20827490000000e+02 -8.38503680000000e+01 -2.04547500000000e+01 
 1.60198610000000e-01 -1.57665140000000e+01  2.10811360000000e+02  2.92326120000000e+01  4.43056740000000e+01  1.13161130000000e+00 -5.25108860000000e+01 -1.23372030000000e+02 -2.05101590000000e+02 -2.19158970000000e+02 -8.25333950000000e+01 -6.76395200000000e+01 
 1.59991100000000e-01 -1.57576830000000e+01  2.10160560000000e+02  2.86299670000000e+01  3.21398480000000e+01  1.08313840000000e+00 -5.01117690000000e+01 -9.80352340000000e+01 -1.96041000000000e+02 -2.15567060000000e+02 -8.14570090000000e+01 -1.90518450000000e+01 
 1.59272850000000e-01 -1.57485880000000e+01  2.11575070000000e+02  2.80788740000000e+01  2.55325880000000e+01  1.08645510000000e+00 -5.00415840000000e+01 -9.89746550000000e+01 -1.99925240000000e+02 -2.14194840000000e+02 -8.01470650000000e+01 -3.20029080000000e+01 
 1.59154610000000e-01 -1.57427640000000e+01  2.14492630000000e+02  2.77230560000000e+01  3.28706120000000e+01  1.06180800000000e+00 -4.74086650000000e+01 -1.27367740000000e+02 -1.96813380000000e+02 -2.08982020000000e+02 -7.39491350000000e+01 -1.04702650000000e+01 
 1.59948390000000e-01 -1.57646200000000e+01  2.13684360000000e+02  2.81028090000000e+01  3.18842580000000e+01  1.04836840000000e+00 -4.64524010000000e+01 -1.45155830000000e+02 -1.94753360000000e+02 -2.08386430000000e+02 -7.35160460000000e+01 -7.06381360000000e+01 
 1.59503420000000e-01 -1.57468610000000e+01  2.13118460000000e+02  2.83771850000000e+01  2.90684690000000e+01  1.05646460000000e+00 -4.74973940000000e+01 -1.20437010000000e+02 -1.95583090000000e+02 -2.12847330000000e+02 -7.85556450000000e+01 -6.19773020000000e+01 
 1.59394040000000e-01 -1.57542070000000e+01  2.14088640000000e+02  2.78107710000000e+01  2.53978350000000e+01  1.04879750000000e+00 -4.76450410000000e+01 -1.27698560000000e+02 -1.93084600000000e+02 -2.16499750000000e+02 -7.93116430000000e+01 -7.00369260000000e+00 
 1.58493160000000e-01 -1.57457260000000e+01  2.15239970000000e+02  2.79466620000000e+01  2.10053640000000e+01  1.06989370000000e+00 -4.89191430000000e+01 -1.05551660000000e+02 -1.97315410000000e+02 -2.14258670000000e+02 -8.07357810000000e+01 -5.26845780000000e+01 
 1.59140220000000e-01 -1.57462750000000e+01  2.17255130000000e+02  2.72650950000000e+01  2.31844340000000e+01  1.09192380000000e+00 -4.85795750000000e+01 -1.26966070000000e+02 -2.00429200000000e+02 -2.22273380000000e+02 -7.82807260000000e+01 -3.84859940000000e+00 
 1.59108370000000e-01 -1.57439580000000e+01  2.19957750000000e+02  2.71679470000000e+01  2.40229330000000e+01  1.12740670000000e+00 -4.87676650000000e+01 -1.57760000000000e+02 -2.01644680000000e+02 -2.24567170000000e+02 -7.73594640000000e+01 -2.41207600000000e+01 
 1.58721080000000e-01 -1.57158600000000e+01  2.21991550000000e+02  2.73232340000000e+01  2.67139510000000e+01  1.14282650000000e+00 -4.86430190000000e+01 -1.36738020000000e+02 -2.08276000000000e+02 -2.18600190000000e+02 -7.69978320000000e+01 -2.92064060000000e+01 
 1.58369700000000e-01 -1.57116540000000e+01  2.17026760000000e+02  2.71506770000000e+01  1.57107990000000e+01  1.10469100000000e+00 -4.86019280000000e+01 -1.08042410000000e+02 -2.03039420000000e+02 -2.23613640000000e+02 -7.85149740000000e+01 -3.68153190000000e+01 
 1.58578300000000e-01 -1.57344230000000e+01  2.20356310000000e+02  2.72583260000000e+01  2.23548740000000e+01  1.10731130000000e+00 -4.89809140000000e+01 -1.33593120000000e+02 -2.02522360000000e+02 -2.21075150000000e+02 -8.00137820000000e+01 -3.77760490000000e+01 
 1.58624360000000e-01 -1.57448760000000e+01  2.20272450000000e+02  2.77576770000000e+01  1.92484330000000e+01  1.10276870000000e+00 -4.91886570000000e+01 -9.29441920000000e+01 -2.06462440000000e+02 -2.20094520000000e+02 -7.98942740000000e+01 -3.53312160000000e+01 
 1.58846640000000e-01 -1.57430190000000e+01  2.17610800000000e+02  2.73733940000000e+01  2.34621920000000e+01  1.10057820000000e+00 -4.87208540000000e+01 -1.24384850000000e+02 -1.98929440000000e+02 -2.16701030000000e+02 -7.67086960000000e+01 -3.70658860000000e+01 
 1.59923900000000e-01 -1.57641580000000e+01  2.17662920000000e+02  2.79157580000000e+01  2.82841250000000e+01  1.09781130000000e+00 -4.84019970000000e+01 -1.27126850000000e+02 -2.00533860000000e+02 -2.07835580000000e+02 -7.75686080000000e+01 -1.73705050000000e+01 
 1.59538980000000e-01 -1.57314390000000e+01  2.14550260000000e+02  2.73568980000000e+01  2.75496080000000e+01  1.12791070000000e+00 -4.93204970000000e+01 -1.51135530000000e+02 -2.03066990000000e+02 -2.26734260000000e+02 -7.72166770000000e+01 -2.95720750000000e+01 
 1.59338870000000e-01 -1.57173800000000e+01  2.09935110000000e+02  2.72404550000000e+01  2.79735290000000e+01  1.12976200000000e+00 -5.12039530000000e+01 -1.65541040000000e+02 -2.05622670000000e+02 -2.21655940000000e+02 -8.36137880000000e+01 -1.08189160000000e+01 
 1.59964240000000e-01 -1.57263710000000e+01  2.09323760000000e+02  2.70663250000000e+01  1.78371390000000e+01  1.14691880000000e+00 -5.11792010000000e+01 -1.22044380000000e+02 -2.11390460000000e+02 -2.25521520000000e+02 -7.90166490000000e+01 -4.25291080000000e+01 
 1.59787210000000e-01 -1.57261890000000e+01  2.13123840000000e+02  2.75140040000000e+01  2.22116860000000e+01  1.11801050000000e+00 -4.96662440000000e+01 -1.21394680000000e+02 -2.00357940000000e+02 -2.20428410000000e+02 -8.07419860000000e+01 -5.19349620000000e+01 
 1.57763090000000e-01 -1.57275120000000e+01  2.23801070000000e+02  2.74690440000000e+01  2.05994240000000e+01  1.13485110000000e+00 -4.99350570000000e+01 -1.31435610000000e+02 -2.09314370000000e+02 -2.16772440000000e+02 -8.23449970000000e+01 -4.72186930000000e+01 
 1.57427160000000e-01 -1.57421740000000e+01  2.28861010000000e+02  2.78928560000000e+01  3.44614880000000e+01  1.15129210000000e+00 -5.00909480000000e+01 -1.46964460000000e+02 -2.07083660000000e+02 -2.16767010000000e+02 -8.01819930000000e+01 -3.22823600000000e+01 
 1.57420450000000e-01 -1.57373790000000e+01  2.27463830000000e+02  2.72977130000000e+01  2.30070000000000e+01  1.16518640000000e+00 -5.03326190000000e+01 -1.47504780000000e+02 -2.12096330000000e+02 -2.24798760000000e+02 -7.91595130000000e+01 -4.98077950000000e+01 
 1.57703940000000e-01 -1.57332910000000e+01  2.27227890000000e+02  2.78570060000000e+01  3.66478830000000e+01  1.16233850000000e+00 -5.04000510000000e+01 -1.82551680000000e+02 -2.12477940000000e+02 -2.24833320000000e+02 -8.19974980000000e+01 -7.81325740000000e+01 
 1.57782600000000e-01 -1.57487530000000e+01  2.25552440000000e+02  2.82533490000000e+01  3.83296550000000e+01  1.13598280000000e+00 -5.04903760000000e+01 -1.62014220000000e+02 -2.09184600000000e+02 -2.23055160000000e+02 -8.24862420000000e+01 -6.31119020000000e+01 
 1.57789830000000e-01 -1.57811960000000e+01  2.25715580000000e+02  2.86515660000000e+01  4.13025750000000e+01  1.15955280000000e+00 -5.16832930000000e+01 -1.63173690000000e+02 -2.13545830000000e+02 -2.22052070000000e+02 -8.07072010000000e+01 -3.03602000000000e+01 
 1.58721270000000e-01 -1.57617770000000e+01  2.20258360000000e+02  2.90229580000000e+01  4.24946860000000e+01  1.15496800000000e+00 -5.19257680000000e+01 -1.23662990000000e+02 -2.11093250000000e+02 -2.27370650000000e+02 -8.05050080000000e+01 -4.50309490000000e+01 
 1.58140180000000e-01 -1.57453200000000e+01  2.18117580000000e+02  2.86227120000000e+01  3.74582060000000e+01  1.11619710000000e+00 -5.11691730000000e+01 -1.30608030000000e+02 -2.06447850000000e+02 -2.22983510000000e+02 -8.28484390000000e+01 -4.45649280000000e+01 
 1.58872380000000e-01 -1.57957840000000e+01  2.17132850000000e+02  3.00708560000000e+01  4.77528320000000e+01  1.14395280000000e+00 -5.32455670000000e+01 -1.16185010000000e+02 -2.02964640000000e+02 -2.21292970000000e+02 -8.40837410000000e+01 -4.93666970000000e+01 
 1.59985290000000e-01 -1.58044880000000e+01  2.14226770000000e+02  3.06433300000000e+01  5.80850110000000e+01  1.18116810000000e+00 -5.43815980000000e+01 -1.12121550000000e+02 -2.13171610000000e+02 -2.23003650000000e+02 -8.10476780000000e+01  1.19876100000000e+01 
 1.61400120000000e-01 -1.58170740000000e+01  2.05171040000000e+02  3.03024650000000e+01  5.54803720000000e+01  1.18565330000000e+00 -5.51771380000000e+01 -1.51146800000000e+02 -2.10515650000000e+02 -2.24617760000000e+02 -8.06307350000000e+01 -7.97739950000000e+00 
 1.61827170000000e-01 -1.58254440000000e+01  2.07944620000000e+02  3.07701930000000e+01  6.11580500000000e+01  1.17457160000000e+00 -5.52091340000000e+01 -1.26125340000000e+02 -2.12910000000000e+02 -2.28627440000000e+02 -8.19161510000000e+01 -1.27095830000000e+01 
 1.61992000000000e-01 -1.58333470000000e+01  2.05224370000000e+02  3.03325450000000e+01  5.01030010000000e+01  1.15587390000000e+00 -5.45825730000000e+01 -1.13280200000000e+02 -2.10308560000000e+02 -2.25391460000000e+02 -7.98487180000000e+01 -3.82072650000000e+01 
 1.63218780000000e-01 -1.58485590000000e+01  2.01330600000000e+02  3.08080070000000e+01  5.50757070000000e+01  1.15888550000000e+00 -5.51117670000000e+01 -1.33672070000000e+02 -2.09735910000000e+02 -2.25499550000000e+02 -8.22153230000000e+01 -3.26788000000000e+00 
 1.62119500000000e-01 -1.58367400000000e+01  2.02294570000000e+02  3.07104090000000e+01  5.29641130000000e+01  1.18309910000000e+00 -5.64665740000000e+01 -1.16650100000000e+02 -2.13319310000000e+02 -2.29026090000000e+02 -8.19433400000000e+01 -1.98062220000000e+01 
 1.62553330000000e-01 -1.58215050000000e+01  2.00708180000000e+02  3.04248400000000e+01  5.50917120000000e+01  1.20080410000000e+00 -5.72471970000000e+01 -1.32069310000000e+02 -2.14018800000000e+02 -2.25048710000000e+02 -8.36057860000000e+01 -4.69225690000000e+00 
 1.62221910000000e-01 -1.58345330000000e+01  2.05783350000000e+02  3.03100060000000e+01  5.68995540000000e+01  1.20987190000000e+00 -5.66431930000000e+01 -1.65328360000000e+02 -2.15422450000000e+02 -2.29051460000000e+02 -8.41277210000000e+01 -2.20278710000000e+01 
 1.61734520000000e-01 -1.58142780000000e+01  2.09022850000000e+02  2.94717020000000e+01  4.40321810000000e+01  1.21582270000000e+00 -5.56368120000000e+01 -1.13923730000000e+02 -2.19289640000000e+02 -2.20153920000000e+02 -8.06286350000000e+01  1.36914430000000e+01 
 1.60380200000000e-01 -1.57804740000000e+01  2.06914520000000e+02  3.00221280000000e+01  6.00733030000000e+01  1.21092400000000e+00 -5.55170030000000e+01 -1.82298580000000e+02 -2.14607350000000e+02 -2.29745200000000e+02 -8.03541610000000e+01 -5.00137720000000e+01 
 1.61421680000000e-01 -1.58120630000000e+01  2.06796920000000e+02  2.98033150000000e+01  6.02386510000000e+01  1.21038120000000e+00 -5.74213020000000e+01 -2.03743830000000e+02 -2.17575550000000e+02 -2.25874920000000e+02 -8.65437060000000e+01 -2.35437890000000e+01 
 1.61947960000000e-01 -1.58076250000000e+01  2.01575660000000e+02  3.02035530000000e+01  6.42480930000000e+01  1.19710550000000e+00 -5.67790810000000e+01 -2.05090860000000e+02 -2.14751990000000e+02 -2.18811450000000e+02 -8.50976470000000e+01  1.13397230000000e+00 
 1.61447530000000e-01 -1.58133250000000e+01  2.03022700000000e+02  3.05893960000000e+01  6.36522480000000e+01  1.18763520000000e+00 -5.68292510000000e+01 -1.85505400000000e+02 -2.12534640000000e+02 -2.28765110000000e+02 -8.54453280000000e+01 -2.46325340000000e+01 
 1.61142280000000e-01 -1.57831860000000e+01  2.02211660000000e+02  3.03845380000000e+01  6.23602880000000e+01  1.17417380000000e+00 -5.56455120000000e+01 -1.82620020000000e+02 -2.13772110000000e+02 -2.26450000000000e+02 -8.53871500000000e+01 -2.21018920000000e+01 
 1.61018300000000e-01 -1.57933270000000e+01  2.07636250000000e+02  2.97333290000000e+01  5.59681480000000e+01  1.20448180000000e+00 -5.57133810000000e+01 -1.93449670000000e+02 -2.15782950000000e+02 -2.23035940000000e+02 -8.41787110000000e+01 -5.45270000000000e+01 
 1.61057660000000e-01 -1.57866360000000e+01  2.04623850000000e+02  2.88612860000000e+01  5.15194410000000e+01  1.20015910000000e+00 -5.51104920000000e+01 -2.25031280000000e+02 -2.19289940000000e+02 -2.27991040000000e+02 -8.11708840000000e+01 -3.79051750000000e+01 
 1.61391960000000e-01 -1.57722720000000e+01  2.00228920000000e+02  2.91552580000000e+01  4.99412220000000e+01  1.18490940000000e+00 -5.58477870000000e+01 -1.87312680000000e+02 -2.13474670000000e+02 -2.23657870000000e+02 -8.38266530000000e+01 -4.96466910000000e+01 
 1.61087100000000e-01 -1.57822820000000e+01  2.02982630000000e+02  3.02058070000000e+01  5.90747160000000e+01  1.21966790000000e+00 -5.65683390000000e+01 -1.89531110000000e+02 -2.09884210000000e+02 -2.24969580000000e+02 -8.37324050000000e+01 -4.34606300000000e+01 
 1.60778760000000e-01 -1.58190840000000e+01  2.08690940000000e+02  3.08414860000000e+01  6.37204770000000e+01  1.18556510000000e+00 -5.60257200000000e+01 -1.66341240000000e+02 -2.16280990000000e+02 -2.28554610000000e+02 -8.49492690000000e+01 -3.73225640000000e+00 
 1.62020720000000e-01 -1.58111530000000e+01  2.03861620000000e+02  3.02900760000000e+01  6.17589170000000e+01  1.22291020000000e+00 -5.70541660000000e+01 -1.79428250000000e+02 -2.15350910000000e+02 -2.29992320000000e+02 -8.29923760000000e+01 -3.11059660000000e+01 
 1.62663180000000e-01 -1.58302320000000e+01  2.01911200000000e+02  3.03907100000000e+01  6.12252800000000e+01  1.22231620000000e+00 -5.77167760000000e+01 -1.90570090000000e+02 -2.17475730000000e+02 -2.28081670000000e+02 -8.49916640000000e+01 -2.90090430000000e+01 
 1.62250310000000e-01 -1.58256360000000e+01  2.00481590000000e+02  3.06291530000000e+01  6.24906030000000e+01  1.20470440000000e+00 -5.72705680000000e+01 -1.69057180000000e+02 -2.18101320000000e+02 -2.29339010000000e+02 -8.30691320000000e+01  1.86360660000000e+01 
 1.62638460000000e-01 -1.58081730000000e+01  2.02472280000000e+02  2.98137710000000e+01  6.23601320000000e+01  1.23824920000000e+00 -5.74648900000000e+01 -2.13565790000000e+02 -2.18990960000000e+02 -2.29282840000000e+02 -8.39065140000000e+01 -1.20198950000000e+01 
 1.62608410000000e-01 -1.58195050000000e+01  2.00761470000000e+02  3.00622850000000e+01  6.02089110000000e+01  1.16333910000000e+00 -5.47050810000000e+01 -2.20197680000000e+02 -2.11671740000000e+02 -2.21531520000000e+02 -8.17867170000000e+01 -7.00424110000000e+01 
 1.62802040000000e-01 -1.58101440000000e+01  2.00453670000000e+02  2.95906600000000e+01  5.99260720000000e+01  1.15861200000000e+00 -5.45501740000000e+01 -2.16388980000000e+02 -2.13570120000000e+02 -2.27848750000000e+02 -8.12584950000000e+01 -4.00529760000000e+01 
 1.61453260000000e-01 -1.58035860000000e+01  2.05207430000000e+02  2.99829970000000e+01  6.07655900000000e+01  1.17551690000000e+00 -5.47638740000000e+01 -1.93196660000000e+02 -2.10552700000000e+02 -2.25207640000000e+02 -8.17066450000000e+01 -3.94242330000000e+01 
 1.61585040000000e-01 -1.58172330000000e+01  2.04406100000000e+02  3.09112990000000e+01  5.67640890000000e+01  1.15691650000000e+00 -5.55356090000000e+01 -1.24896820000000e+02 -2.08438200000000e+02 -2.28208630000000e+02 -8.67123530000000e+01 -1.70181450000000e+01 
 1.60770960000000e-01 -1.58010190000000e+01  2.04957030000000e+02  2.98902290000000e+01  6.12281250000000e+01  1.15288310000000e+00 -5.57274340000000e+01 -2.34274260000000e+02 -2.09202600000000e+02 -2.19454480000000e+02 -8.93198190000000e+01 -6.29455600000000e+01 
 1.61846930000000e-01 -1.57872040000000e+01  2.01504660000000e+02  2.98128070000000e+01  5.51745850000000e+01  1.16287890000000e+00 -5.42182530000000e+01 -2.04371800000000e+02 -2.07802950000000e+02 -2.28600440000000e+02 -8.39130350000000e+01 -4.79891090000000e+01 
 1.61943320000000e-01 -1.57938470000000e+01  2.00906720000000e+02  2.89768720000000e+01  5.08886320000000e+01  1.16652860000000e+00 -5.46807860000000e+01 -2.31583380000000e+02 -2.11837060000000e+02 -2.26144500000000e+02 -8.32855740000000e+01 -4.54904240000000e+01 
 1.61985940000000e-01 -1.57649200000000e+01  2.02610200000000e+02  2.85368400000000e+01  4.56072090000000e+01  1.18635000000000e+00 -5.42702350000000e+01 -1.79140600000000e+02 -2.13788630000000e+02 -2.23187540000000e+02 -8.13880260000000e+01 -2.62147190000000e+01 
 1.61456160000000e-01 -1.57817140000000e+01  2.09046810000000e+02  2.84255170000000e+01  3.82001760000000e+01  1.20288830000000e+00 -5.42422020000000e+01 -1.59659170000000e+02 -2.16577750000000e+02 -2.27994320000000e+02 -8.11856800000000e+01 -2.48787310000000e+01 
 1.60781870000000e-01 -1.57487360000000e+01  2.05274320000000e+02  2.86271000000000e+01  4.50176610000000e+01  1.20540700000000e+00 -5.47255670000000e+01 -1.83762590000000e+02 -2.17538640000000e+02 -2.27782150000000e+02 -8.25845860000000e+01 -5.05294030000000e+01 
 1.61412500000000e-01 -1.57639360000000e+01  2.04327570000000e+02  2.83231610000000e+01  3.44920390000000e+01  1.19975380000000e+00 -5.49977190000000e+01 -1.53305970000000e+02 -2.14099130000000e+02 -2.25308990000000e+02 -8.34983760000000e+01 -4.40873330000000e+01 
 1.61930870000000e-01 -1.58002140000000e+01  2.00275440000000e+02  2.96561600000000e+01  5.75975260000000e+01  1.13918370000000e+00 -5.43566680000000e+01 -2.25913620000000e+02 -2.07870170000000e+02 -2.21856660000000e+02 -8.36593580000000e+01 -7.37389930000000e+01 
 1.60798920000000e-01 -1.57772070000000e+01  2.05040800000000e+02  2.96204560000000e+01  5.90697160000000e+01  1.14621200000000e+00 -5.23875930000000e+01 -2.28049500000000e+02 -2.04403910000000e+02 -2.20731700000000e+02 -7.91225390000000e+01 -7.33191020000000e+01 
 1.60965080000000e-01 -1.57761420000000e+01  2.02588560000000e+02  2.98355640000000e+01  5.20333170000000e+01  1.12978130000000e+00 -5.24873810000000e+01 -1.71826550000000e+02 -2.07954550000000e+02 -2.20520660000000e+02 -8.02377380000000e+01 -6.84918270000000e+01 
 1.61417610000000e-01 -1.57876410000000e+01  2.00997320000000e+02  2.96150990000000e+01  5.23234940000000e+01  1.10699850000000e+00 -5.25908010000000e+01 -1.91584610000000e+02 -2.07399510000000e+02 -2.19899610000000e+02 -8.36588240000000e+01 -2.73151210000000e+01 
 1.60021590000000e-01 -1.58096440000000e+01  2.13929290000000e+02  2.96814040000000e+01  5.33093260000000e+01  1.11166300000000e+00 -5.20396010000000e+01 -1.66828410000000e+02 -2.00210570000000e+02 -2.18797360000000e+02 -8.19476420000000e+01 -5.28022730000000e+01 
 1.59390020000000e-01 -1.58063690000000e+01  2.16658620000000e+02  2.96652320000000e+01  4.47164520000000e+01  1.11373710000000e+00 -5.15776140000000e+01 -1.49427110000000e+02 -1.96761990000000e+02 -2.18952100000000e+02 -8.32080520000000e+01 -4.84039750000000e+01 
 1.59428710000000e-01 -1.58125380000000e+01  2.15360100000000e+02  2.99298440000000e+01  5.23479800000000e+01  1.11266310000000e+00 -5.16577620000000e+01 -1.67324230000000e+02 -2.07379850000000e+02 -2.16535360000000e+02 -8.04863730000000e+01 -5.86197400000000e+01 
 1.59545450000000e-01 -1.57860510000000e+01  2.16176780000000e+02  2.95369950000000e+01  5.89853910000000e+01  1.13226570000000e+00 -5.12641740000000e+01 -2.19774750000000e+02 -2.05035880000000e+02 -2.16462090000000e+02 -8.17316090000000e+01 -5.51945720000000e+01 
 1.60060470000000e-01 -1.58004930000000e+01  2.13913700000000e+02  2.97149910000000e+01  6.19411190000000e+01  1.11057190000000e+00 -5.18703270000000e+01 -2.19704450000000e+02 -2.04887160000000e+02 -2.13268270000000e+02 -8.35729820000000e+01 -5.30587730000000e+01 
 1.60881180000000e-01 -1.57779600000000e+01  2.07764090000000e+02  2.97379160000000e+01  5.53020030000000e+01  1.10147550000000e+00 -5.07719810000000e+01 -1.74504010000000e+02 -2.07211330000000e+02 -2.21705360000000e+02 -7.96116140000000e+01 -7.64457010000000e+01 
 1.59774670000000e-01 -1.57961970000000e+01  2.11437200000000e+02  2.99283100000000e+01  5.63210270000000e+01  1.10152860000000e+00 -5.10732380000000e+01 -1.68448440000000e+02 -2.04151160000000e+02 -2.14099390000000e+02 -7.94518940000000e+01 -2.12956750000000e+01 
 1.60665500000000e-01 -1.58208410000000e+01  2.10448620000000e+02  3.03078420000000e+01  5.83635850000000e+01  1.09962230000000e+00 -5.14805370000000e+01 -1.64057570000000e+02 -2.04199840000000e+02 -2.18465440000000e+02 -7.98426300000000e+01 -1.44259610000000e+01 
 1.60209920000000e-01 -1.58029800000000e+01  2.10611300000000e+02  3.07264120000000e+01  6.16766780000000e+01  1.09854410000000e+00 -5.12612870000000e+01 -1.46794150000000e+02 -1.98840250000000e+02 -2.18176410000000e+02 -7.93036220000000e+01 -3.74058860000000e+01 
 1.60761840000000e-01 -1.57954180000000e+01  2.06120560000000e+02  3.02042160000000e+01  5.81864920000000e+01  1.09308130000000e+00 -5.20654480000000e+01 -1.87550550000000e+02 -2.01022240000000e+02 -2.16501230000000e+02 -8.44544170000000e+01 -5.60825130000000e+01 
 1.60313930000000e-01 -1.58007710000000e+01  2.07918920000000e+02  3.05827180000000e+01  6.29740880000000e+01  1.10033950000000e+00 -5.22680910000000e+01 -1.75173770000000e+02 -2.00506950000000e+02 -2.19123320000000e+02 -8.27626950000000e+01 -4.46867040000000e+01 
 1.60120390000000e-01 -1.58066760000000e+01  2.09064040000000e+02  3.02731470000000e+01  6.14533020000000e+01  1.10760220000000e+00 -5.30123070000000e+01 -1.73089260000000e+02 -1.98591850000000e+02 -2.17155380000000e+02 -8.32191060000000e+01 -3.89976550000000e+01 
 1.59876580000000e-01 -1.58072450000000e+01  2.15064060000000e+02  2.94423550000000e+01  6.21573420000000e+01  1.14723950000000e+00 -5.30922860000000e+01 -2.37788970000000e+02 -2.03328170000000e+02 -2.22188660000000e+02 -8.30667080000000e+01 -1.64104100000000e+01 
 1.60064100000000e-01 -1.57872260000000e+01  2.12529840000000e+02  2.96423220000000e+01  5.87769850000000e+01  1.15869610000000e+00 -5.30836870000000e+01 -2.05135400000000e+02 -2.12438010000000e+02 -2.29623610000000e+02 -8.37155150000000e+01 -9.30314910000000e+00 
 1.58776450000000e-01 -1.57718060000000e+01  2.15685410000000e+02  2.94476270000000e+01  6.01678580000000e+01  1.16000670000000e+00 -5.30860960000000e+01 -2.27142010000000e+02 -2.06516620000000e+02 -2.26618210000000e+02 -8.49260730000000e+01 -4.15172330000000e+01 
 1.58555000000000e-01 -1.57662380000000e+01  2.19382110000000e+02  2.95362160000000e+01  6.28884040000000e+01  1.19621000000000e+00 -5.36650680000000e+01 -2.06951770000000e+02 -2.17004780000000e+02 -2.28708750000000e+02 -8.21961980000000e+01 -3.01234690000000e+01 
 1.58615080000000e-01 -1.57849600000000e+01  2.19398930000000e+02  2.96175790000000e+01  6.06758910000000e+01  1.18189510000000e+00 -5.30646680000000e+01 -2.17828570000000e+02 -2.10098360000000e+02 -2.25075900000000e+02 -7.97832260000000e+01 -6.82517440000000e+01 
 1.58409340000000e-01 -1.57709650000000e+01  2.18071500000000e+02  2.94970530000000e+01  6.21016430000000e+01  1.18097330000000e+00 -5.41774640000000e+01 -2.26808730000000e+02 -2.10921040000000e+02 -2.21658540000000e+02 -8.52900350000000e+01 -4.73065390000000e+01 
 1.59386400000000e-01 -1.57798370000000e+01  2.16939490000000e+02  2.94972560000000e+01  5.69913720000000e+01  1.20044390000000e+00 -5.49078950000000e+01 -1.80033150000000e+02 -2.09654180000000e+02 -2.29425700000000e+02 -8.43227980000000e+01 -2.85143640000000e+01 
 1.59693100000000e-01 -1.57941850000000e+01  2.15125620000000e+02  2.99064320000000e+01  5.36301090000000e+01  1.22543220000000e+00 -5.58556920000000e+01 -1.59011150000000e+02 -2.15951910000000e+02 -2.25333370000000e+02 -8.36359310000000e+01 -5.48912170000000e+01 
 1.59812990000000e-01 -1.58007790000000e+01  2.15586650000000e+02  3.05794140000000e+01  6.43403560000000e+01  1.22485280000000e+00 -5.57131200000000e+01 -1.68990360000000e+02 -2.19350450000000e+02 -2.27382580000000e+02 -8.21297150000000e+01 -3.55441540000000e+01 
 1.60960690000000e-01 -1.57912290000000e+01  2.05999660000000e+02  2.98226530000000e+01  4.54825800000000e+01  1.18702260000000e+00 -5.58247060000000e+01 -1.19191350000000e+02 -2.11646660000000e+02 -2.20487870000000e+02 -8.53890680000000e+01 -2.10406080000000e+01 
 1.59833210000000e-01 -1.57869820000000e+01  2.14638720000000e+02  2.89008990000000e+01  5.59220260000000e+01  1.18585960000000e+00 -5.34838770000000e+01 -2.09357300000000e+02 -2.13254910000000e+02 -2.21175260000000e+02 -8.05440460000000e+01  5.84397080000000e+00 
 1.60096540000000e-01 -1.57322310000000e+01  2.11021710000000e+02  2.78932930000000e+01  4.94873040000000e+01  1.20704900000000e+00 -5.37279960000000e+01 -2.35477960000000e+02 -2.12487190000000e+02 -2.23228090000000e+02 -8.45960490000000e+01  1.74420600000000e+01 
 1.59311760000000e-01 -1.57427000000000e+01  2.15966080000000e+02  2.82772160000000e+01  4.84453910000000e+01  1.18927290000000e+00 -5.28897910000000e+01 -2.07215520000000e+02 -2.07844240000000e+02 -2.25926480000000e+02 -8.33677980000000e+01 -1.14594850000000e+01 
 1.58972540000000e-01 -1.57262720000000e+01  2.17551930000000e+02  2.80025380000000e+01  4.26567730000000e+01  1.19125410000000e+00 -5.25045200000000e+01 -1.75259200000000e+02 -2.12152500000000e+02 -2.21944760000000e+02 -8.21062340000000e+01 -1.24596150000000e+01 
 1.58829170000000e-01 -1.57671130000000e+01  2.21322810000000e+02  2.77290810000000e+01  3.96735690000000e+01  1.15066340000000e+00 -5.14751220000000e+01 -2.07140810000000e+02 -2.11730580000000e+02 -2.22842510000000e+02 -8.32114050000000e+01 -1.96141880000000e+00 
 1.59103650000000e-01 -1.57397160000000e+01  2.18450480000000e+02  2.74512010000000e+01  4.03707450000000e+01  1.20382600000000e+00 -5.25556550000000e+01 -2.09560140000000e+02 -2.15902560000000e+02 -2.22730040000000e+02 -7.94144490000000e+01 -3.37054910000000e+01 
 1.58939800000000e-01 -1.57467360000000e+01  2.16381460000000e+02  2.77556590000000e+01  3.20326630000000e+01  1.20104950000000e+00 -5.35669940000000e+01 -1.48490320000000e+02 -2.14107890000000e+02 -2.24774190000000e+02 -8.06018120000000e+01 -9.64970470000000e+00 
 1.59183180000000e-01 -1.57092010000000e+01  2.11583100000000e+02  2.75442670000000e+01  2.42768120000000e+01  1.23240230000000e+00 -5.45781480000000e+01 -1.12215490000000e+02 -2.14988700000000e+02 -2.29360710000000e+02 -8.20118340000000e+01 -1.18175630000000e+01 
 1.59513560000000e-01 -1.57403450000000e+01  2.16265800000000e+02  2.72981960000000e+01  2.84517830000000e+01  1.18395480000000e+00 -5.26128340000000e+01 -1.44042280000000e+02 -2.17576020000000e+02 -2.25610540000000e+02 -8.09758300000000e+01 -1.89773730000000e+01 
 1.60469290000000e-01 -1.57339060000000e+01  2.13452010000000e+02  2.70921480000000e+01  3.66364680000000e+01  1.19632030000000e+00 -5.17329160000000e+01 -2.17219540000000e+02 -2.11780370000000e+02 -2.29512500000000e+02 -7.89229020000000e+01 -3.97812420000000e+01 
 1.58496000000000e-01 -1.57205390000000e+01  2.20939390000000e+02  2.71501810000000e+01  3.33807520000000e+01  1.18959620000000e+00 -5.10120230000000e+01 -2.13332530000000e+02 -2.16055080000000e+02 -2.24387670000000e+02 -7.98770240000000e+01 -4.62317470000000e+01 
 1.57607010000000e-01 -1.57190760000000e+01  2.25374550000000e+02  2.74047050000000e+01  2.41478910000000e+01  1.15074740000000e+00 -5.03690480000000e+01 -1.01747980000000e+02 -2.07612730000000e+02 -2.25142520000000e+02 -8.11481660000000e+01  8.00176650000000e+00 
 1.57100780000000e-01 -1.57181900000000e+01  2.28401420000000e+02  2.72282260000000e+01  1.82183180000000e+01  1.17501070000000e+00 -5.05871460000000e+01 -1.01200470000000e+02 -2.10900820000000e+02 -2.22680080000000e+02 -7.95717870000000e+01  3.16356060000000e+00 
 1.57698110000000e-01 -1.57407870000000e+01  2.29792970000000e+02  2.71080910000000e+01  1.96651370000000e+01  1.18828050000000e+00 -5.11810630000000e+01 -1.08755910000000e+02 -2.15850180000000e+02 -2.27741290000000e+02 -7.88002570000000e+01  1.26742150000000e+01 
 1.58596260000000e-01 -1.57645640000000e+01  2.22854750000000e+02  2.75437320000000e+01  1.57672560000000e+01  1.18766790000000e+00 -5.25231810000000e+01 -7.69192930000000e+01 -2.08846990000000e+02 -2.25808730000000e+02 -7.89554840000000e+01 -2.27948900000000e+00 
 1.58853400000000e-01 -1.57524320000000e+01  2.23785300000000e+02  2.74648980000000e+01  2.84685630000000e+01  1.19089980000000e+00 -5.25487080000000e+01 -1.21639000000000e+02 -2.19355850000000e+02 -2.21476130000000e+02 -8.08587970000000e+01  6.18788090000000e+00 
 1.58140920000000e-01 -1.57412760000000e+01  2.21147950000000e+02  2.71679730000000e+01  1.92989650000000e+01  1.18777690000000e+00 -5.34494700000000e+01 -1.30225270000000e+02 -2.12948610000000e+02 -2.29379870000000e+02 -8.51670860000000e+01 -2.47576700000000e+01 
 1.58089310000000e-01 -1.57092470000000e+01  2.21668640000000e+02  2.72212650000000e+01  2.07690240000000e+01  1.18041240000000e+00 -5.20330990000000e+01 -1.12904890000000e+02 -2.19922960000000e+02 -2.27105860000000e+02 -8.35140430000000e+01 -7.90524230000000e+00 
 1.57687340000000e-01 -1.57272340000000e+01  2.22773880000000e+02  2.79376850000000e+01  1.75747730000000e+01  1.18634480000000e+00 -5.23463640000000e+01 -5.83383680000000e+01 -2.16391600000000e+02 -2.29969430000000e+02 -8.02819060000000e+01 -7.74447030000000e+00 
 1.58379560000000e-01 -1.57467150000000e+01  2.18012700000000e+02  2.85687890000000e+01  2.62973780000000e+01  1.21368970000000e+00 -5.40693540000000e+01 -8.05571830000000e+01 -2.14729950000000e+02 -2.28226830000000e+02 -8.09885850000000e+01 -2.93722390000000e+01 
 1.60139260000000e-01 -1.57502030000000e+01  2.11104200000000e+02  2.77151520000000e+01  1.92020780000000e+01  1.17206900000000e+00 -5.38593520000000e+01 -9.83752640000000e+01 -2.06889020000000e+02 -2.24830840000000e+02 -8.57159880000000e+01 -3.39326450000000e+01 
 1.59975230000000e-01 -1.57058860000000e+01  2.07559600000000e+02  2.70097530000000e+01  1.73222450000000e+01  1.18682470000000e+00 -5.40173040000000e+01 -1.12405550000000e+02 -2.12487880000000e+02 -2.29460320000000e+02 -8.53777680000000e+01 -1.67301150000000e+01 
 1.60229450000000e-01 -1.57362200000000e+01  2.08715520000000e+02  2.72432840000000e+01  2.44946100000000e+01  1.17219740000000e+00 -5.46434250000000e+01 -1.29480680000000e+02 -2.14397180000000e+02 -2.24231780000000e+02 -8.79548730000000e+01  1.33693010000000e+00 
 1.61498880000000e-01 -1.57462910000000e+01  2.04146060000000e+02  2.71637400000000e+01  1.68533000000000e+01  1.19013960000000e+00 -5.46325320000000e+01 -1.34438020000000e+02 -2.12085460000000e+02 -2.29779320000000e+02 -8.60175620000000e+01 -5.55967680000000e+01 
 1.62052820000000e-01 -1.57479690000000e+01  2.00613010000000e+02  2.73180150000000e+01  2.52263140000000e+01  1.17353300000000e+00 -5.39474890000000e+01 -1.46735210000000e+02 -2.13633100000000e+02 -2.28548260000000e+02 -8.34861750000000e+01  1.10960030000000e+01 
 1.61034140000000e-01 -1.57307520000000e+01  2.04812930000000e+02  2.71313750000000e+01  2.00174120000000e+01  1.16837730000000e+00 -5.23089790000000e+01 -1.38806510000000e+02 -2.16325300000000e+02 -2.26743610000000e+02 -8.01329860000000e+01 -3.56775340000000e+01 
 1.60542240000000e-01 -1.57544570000000e+01  2.10263070000000e+02  2.76779180000000e+01  2.24977460000000e+01  1.16180330000000e+00 -5.29450580000000e+01 -1.18423410000000e+02 -2.09890070000000e+02 -2.26574140000000e+02 -8.25808950000000e+01 -4.46165500000000e+01 
 1.59849180000000e-01 -1.57646700000000e+01  2.14537150000000e+02  2.73702210000000e+01  1.93744110000000e+01  1.18484110000000e+00 -5.36448750000000e+01 -9.93302110000000e+01 -2.11866660000000e+02 -2.22129260000000e+02 -8.09536160000000e+01  1.66196400000000e+01 
 1.59497290000000e-01 -1.57712610000000e+01  2.19167340000000e+02  2.79273650000000e+01  3.85333400000000e+01  1.19520750000000e+00 -5.34207940000000e+01 -1.64987070000000e+02 -2.11151640000000e+02 -2.29868770000000e+02 -8.22313460000000e+01 -9.83268100000000e-01 
 1.60066340000000e-01 -1.57674880000000e+01  2.11314980000000e+02  2.85170330000000e+01  4.64097650000000e+01  1.17132940000000e+00 -5.42729060000000e+01 -1.97301440000000e+02 -2.07867270000000e+02 -2.20799080000000e+02 -8.57299340000000e+01 -5.07688380000000e+01 
 1.59944160000000e-01 -1.57804810000000e+01  2.08013680000000e+02  2.95237370000000e+01  5.53549380000000e+01  1.18312780000000e+00 -5.43234200000000e+01 -2.08607580000000e+02 -2.11199190000000e+02 -2.25663040000000e+02 -8.09908900000000e+01 -6.52003600000000e+01 
 1.60289080000000e-01 -1.57566700000000e+01  2.10113740000000e+02  2.88781220000000e+01  5.70401460000000e+01  1.16256850000000e+00 -5.30667700000000e+01 -2.30190970000000e+02 -2.09245640000000e+02 -2.22025010000000e+02 -8.31210770000000e+01 -7.74801520000000e+01 
 1.60173760000000e-01 -1.57916850000000e+01  2.13262710000000e+02  2.91464570000000e+01  5.25581370000000e+01  1.17671480000000e+00 -5.35241570000000e+01 -1.94851440000000e+02 -2.11611560000000e+02 -2.26683980000000e+02 -8.07420810000000e+01 -6.44158510000000e+01 
 1.60406280000000e-01 -1.57886130000000e+01  2.10892710000000e+02  2.92941940000000e+01  5.05257790000000e+01  1.17118810000000e+00 -5.37892300000000e+01 -1.68607570000000e+02 -2.06195830000000e+02 -2.26053580000000e+02 -8.26992230000000e+01  3.56988490000000e+00 
 1.61229050000000e-01 -1.57965930000000e+01  2.05323450000000e+02  2.92268670000000e+01  5.03600690000000e+01  1.17127340000000e+00 -5.44490340000000e+01 -1.64005920000000e+02 -2.11703230000000e+02 -2.16586400000000e+02 -8.08340240000000e+01  7.83300170000000e+00 
 1.62169930000000e-01 -1.57873800000000e+01  2.00814120000000e+02  2.92937320000000e+01  4.25983490000000e+01  1.19188470000000e+00 -5.57465320000000e+01 -1.40002040000000e+02 -2.15369770000000e+02 -2.23871300000000e+02 -8.41989410000000e+01 -3.07168510000000e+00 
 1.62520540000000e-01 -1.58102980000000e+01  2.01949800000000e+02  2.96664250000000e+01  4.36338910000000e+01  1.17488950000000e+00 -5.49493510000000e+01 -1.10710360000000e+02 -2.11999360000000e+02 -2.23287610000000e+02 -8.02430700000000e+01 -5.14213560000000e+01 
 1.61977000000000e-01 -1.57876980000000e+01  2.00766720000000e+02  2.97915420000000e+01  4.26270350000000e+01  1.14255460000000e+00 -5.50690340000000e+01 -1.22632380000000e+02 -2.05261680000000e+02 -2.21826510000000e+02 -8.74618900000000e+01 -8.16829940000000e+01 
 1.62821490000000e-01 -1.58252420000000e+01  2.01874800000000e+02  2.94038950000000e+01  4.75735300000000e+01  1.14162460000000e+00 -5.42185720000000e+01 -1.56123530000000e+02 -2.13013360000000e+02 -2.22214540000000e+02 -8.17489530000000e+01 -1.91227010000000e+01 
 1.61375420000000e-01 -1.57815240000000e+01  2.01837410000000e+02  2.93820150000000e+01  5.30805660000000e+01  1.11579620000000e+00 -5.18410440000000e+01 -1.94372560000000e+02 -2.04074590000000e+02 -2.16463640000000e+02 -7.90713900000000e+01 -2.62526930000000e+01 
 1.60778550000000e-01 -1.57812240000000e+01  2.03070230000000e+02  2.93140980000000e+01  5.47133900000000e+01  1.11019080000000e+00 -5.14372190000000e+01 -2.34022810000000e+02 -1.99045220000000e+02 -2.15720870000000e+02 -7.95066820000000e+01 -4.20855100000000e+01 
 1.60740900000000e-01 -1.57910950000000e+01  2.10233750000000e+02  2.95783100000000e+01  6.34102590000000e+01  1.11933980000000e+00 -5.09776710000000e+01 -2.06285480000000e+02 -2.05233180000000e+02 -2.20042920000000e+02 -7.77765710000000e+01 -2.42071780000000e+00 
 1.61334840000000e-01 -1.58059670000000e+01  2.08040810000000e+02  3.00861320000000e+01  5.88935070000000e+01  1.07399480000000e+00 -4.98671600000000e+01 -1.79000480000000e+02 -1.98495920000000e+02 -2.14526370000000e+02 -7.90688490000000e+01 -4.30075590000000e+01 
 1.60380710000000e-01 -1.57728360000000e+01  2.06493620000000e+02  2.99106400000000e+01  4.92819700000000e+01  1.08050910000000e+00 -5.03918570000000e+01 -1.43543660000000e+02 -2.00845520000000e+02 -2.12327560000000e+02 -8.06720590000000e+01 -7.52413920000000e+01 
 1.59810740000000e-01 -1.57720240000000e+01  2.06225220000000e+02  2.99957740000000e+01  5.47143830000000e+01  1.06782820000000e+00 -5.07286560000000e+01 -1.73841510000000e+02 -2.00112580000000e+02 -2.14542000000000e+02 -8.31582690000000e+01 -5.19772220000000e+01 
 1.60179720000000e-01 -1.58128800000000e+01  2.07280950000000e+02  3.02046690000000e+01  5.94829490000000e+01  1.06909140000000e+00 -5.12505810000000e+01 -1.99461810000000e+02 -1.99139140000000e+02 -2.11772800000000e+02 -8.17122750000000e+01 -4.23841280000000e+01 
 1.60426790000000e-01 -1.58200630000000e+01  2.10489230000000e+02  3.05811080000000e+01  6.32575250000000e+01  1.11103800000000e+00 -5.20669550000000e+01 -1.74461970000000e+02 -2.05539420000000e+02 -2.17099610000000e+02 -7.92553040000000e+01 -5.09713810000000e+01 
 1.60203060000000e-01 -1.58372230000000e+01  2.09960100000000e+02  3.06677230000000e+01  6.06962070000000e+01  1.11079160000000e+00 -5.31285310000000e+01 -1.75406090000000e+02 -2.00340150000000e+02 -2.22076050000000e+02 -8.07633550000000e+01 -6.14305570000000e+01 
 1.60974020000000e-01 -1.58107250000000e+01  2.07518910000000e+02  3.01100190000000e+01  6.06926570000000e+01  1.13624520000000e+00 -5.39657370000000e+01 -1.98583310000000e+02 -2.04887590000000e+02 -2.20913740000000e+02 -8.52082500000000e+01 -4.31193550000000e+01 
 1.59600260000000e-01 -1.57768110000000e+01  2.08675850000000e+02  3.05330110000000e+01  6.28723990000000e+01  1.12240070000000e+00 -5.28013830000000e+01 -1.67153540000000e+02 -2.04736290000000e+02 -2.21614800000000e+02 -8.41393270000000e+01 -1.06687970000000e+01 
 1.59427330000000e-01 -1.57823420000000e+01  2.12663380000000e+02  3.02033560000000e+01  5.83579720000000e+01  1.14067240000000e+00 -5.30718670000000e+01 -1.53525960000000e+02 -2.05198290000000e+02 -2.18890940000000e+02 -8.26440440000000e+01 -5.76704930000000e+01 
 1.59863710000000e-01 -1.58174320000000e+01  2.14303930000000e+02  3.01599300000000e+01  5.28253300000000e+01  1.15567380000000e+00 -5.53000910000000e+01 -1.46365280000000e+02 -2.12413760000000e+02 -2.24373600000000e+02 -8.82717330000000e+01 -3.99300140000000e+01 
 1.61184940000000e-01 -1.58279670000000e+01  2.13462360000000e+02  2.98471240000000e+01  5.19034220000000e+01  1.16435800000000e+00 -5.35991650000000e+01 -1.66166490000000e+02 -2.14662510000000e+02 -2.23333170000000e+02 -8.27943010000000e+01 -4.71621010000000e+01 
 1.60855890000000e-01 -1.58366880000000e+01  2.12652680000000e+02  3.08787140000000e+01  6.41786990000000e+01  1.14289250000000e+00 -5.34331690000000e+01 -1.60742570000000e+02 -2.13699130000000e+02 -2.20655630000000e+02 -8.16341000000000e+01 -2.14705920000000e+01 
 1.61168570000000e-01 -1.58383250000000e+01  2.13317700000000e+02  3.03759420000000e+01  6.32822990000000e+01  1.14506810000000e+00 -5.33255570000000e+01 -1.72397460000000e+02 -2.05251150000000e+02 -2.18827060000000e+02 -8.17025810000000e+01 -5.49731830000000e+00 
 1.61339560000000e-01 -1.58463170000000e+01  2.07452740000000e+02  3.08041210000000e+01  5.77023080000000e+01  1.10304750000000e+00 -5.26557240000000e+01 -1.48086110000000e+02 -1.97232710000000e+02 -2.17513310000000e+02 -8.05901690000000e+01 -3.01740070000000e+01 
 1.61088120000000e-01 -1.58386020000000e+01  2.06337420000000e+02  3.08119720000000e+01  6.06787350000000e+01  1.12275480000000e+00 -5.43129590000000e+01 -1.53182030000000e+02 -1.98095140000000e+02 -2.23174550000000e+02 -8.25184510000000e+01 -4.09546700000000e+01 
 1.60391310000000e-01 -1.58217650000000e+01  2.12774750000000e+02  2.99986130000000e+01  5.84789050000000e+01  1.16705850000000e+00 -5.53960100000000e+01 -1.90984510000000e+02 -2.09090350000000e+02 -2.23497840000000e+02 -8.72703040000000e+01 -1.49044060000000e+01 
 1.61211030000000e-01 -1.57929280000000e+01  2.06119150000000e+02  3.00974200000000e+01  5.93960350000000e+01  1.18192430000000e+00 -5.52560130000000e+01 -1.48573340000000e+02 -2.14569310000000e+02 -2.26019170000000e+02 -8.27374150000000e+01  1.22577670000000e+01 
 1.61200370000000e-01 -1.58169600000000e+01  2.07054420000000e+02  3.00629490000000e+01  6.06675750000000e+01  1.16493510000000e+00 -5.50586040000000e+01 -2.02440440000000e+02 -2.10547280000000e+02 -2.20909840000000e+02 -8.48741180000000e+01 -3.66188190000000e+01 
 1.60872620000000e-01 -1.58162320000000e+01  2.07004710000000e+02  3.02822220000000e+01  6.13029590000000e+01  1.18331810000000e+00 -5.55472220000000e+01 -1.95304170000000e+02 -2.14109770000000e+02 -2.21267320000000e+02 -8.25140460000000e+01 -2.37462240000000e+01 
 1.61704900000000e-01 -1.57896880000000e+01  2.03597050000000e+02  2.96869010000000e+01  5.84736910000000e+01  1.16684510000000e+00 -5.45299000000000e+01 -1.95447350000000e+02 -2.12294400000000e+02 -2.22853910000000e+02 -8.32111550000000e+01 -2.91687720000000e+01 
 1.60641270000000e-01 -1.57761670000000e+01  2.02963200000000e+02  2.93206350000000e+01  4.60241040000000e+01  1.17628100000000e+00 -5.63071150000000e+01 -1.51856290000000e+02 -2.07509980000000e+02 -2.26548100000000e+02 -8.76091050000000e+01  6.46567130000000e+00 
 1.63380130000000e-01 -1.58100500000000e+01  2.01140320000000e+02  2.86444880000000e+01  5.49837700000000e+01  1.21411470000000e+00 -5.56553750000000e+01 -2.23571460000000e+02 -2.17562500000000e+02 -2.27063530000000e+02 -7.88964160000000e+01 -4.24497840000000e+00 
 1.62575050000000e-01 -1.57853990000000e+01  2.00762200000000e+02  2.86491730000000e+01  4.86576790000000e+01  1.21580680000000e+00 -5.57677590000000e+01 -1.95446530000000e+02 -2.17106360000000e+02 -2.27221100000000e+02 -8.05435720000000e+01 -1.71066300000000e+01 
 1.61926840000000e-01 -1.57832100000000e+01  2.04445150000000e+02  2.88530170000000e+01  5.12125330000000e+01  1.18246210000000e+00 -5.45530700000000e+01 -1.99540340000000e+02 -2.07207930000000e+02 -2.28487140000000e+02 -8.38383550000000e+01  5.72423410000000e+00 
 1.61521280000000e-01 -1.57734920000000e+01  2.01017830000000e+02  2.83573340000000e+01  4.14234420000000e+01  1.14890200000000e+00 -5.34961220000000e+01 -1.94171030000000e+02 -2.04290920000000e+02 -2.29002290000000e+02 -8.17298710000000e+01 -1.54277980000000e+01 
 1.61768290000000e-01 -1.57706500000000e+01  2.03336220000000e+02  2.81843380000000e+01  4.65904750000000e+01  1.11864280000000e+00 -5.12959530000000e+01 -2.30735210000000e+02 -2.06329600000000e+02 -2.19075710000000e+02 -8.03199500000000e+01 -4.60021190000000e+01 
 1.61065170000000e-01 -1.57563960000000e+01  2.03713340000000e+02  2.75769410000000e+01  3.78133620000000e+01  1.10494450000000e+00 -5.13630330000000e+01 -2.16845170000000e+02 -2.02876010000000e+02 -2.15988910000000e+02 -8.20971910000000e+01 -4.64573800000000e+01 
 1.61021550000000e-01 -1.57573420000000e+01  2.03785960000000e+02  2.83686130000000e+01  4.01496430000000e+01  1.09878360000000e+00 -5.03507720000000e+01 -1.56803950000000e+02 -2.02414300000000e+02 -2.20093000000000e+02 -7.78787100000000e+01 -1.96567220000000e+01 
 1.60489180000000e-01 -1.57328320000000e+01  2.05802960000000e+02  2.78015050000000e+01  4.29282540000000e+01  1.09245830000000e+00 -4.98816680000000e+01 -2.22959780000000e+02 -2.02900590000000e+02 -2.19605820000000e+02 -8.16906320000000e+01 -3.73632810000000e+01 
 1.60323560000000e-01 -1.57259710000000e+01  2.05016560000000e+02  2.72145500000000e+01  3.83448690000000e+01  1.08882530000000e+00 -4.93929160000000e+01 -2.35057130000000e+02 -2.02411520000000e+02 -2.16145950000000e+02 -8.12036850000000e+01 -3.02087040000000e+01 
 1.60065830000000e-01 -1.57156790000000e+01  2.03923040000000e+02  2.73511800000000e+01  3.45228380000000e+01  1.09750660000000e+00 -4.90048180000000e+01 -2.12209050000000e+02 -2.02586290000000e+02 -2.18073610000000e+02 -7.77897500000000e+01 -5.35375340000000e+01 
 1.59909720000000e-01 -1.56932330000000e+01  2.06570940000000e+02  2.70199560000000e+01  4.06552490000000e+01  1.09299380000000e+00 -4.83518180000000e+01 -2.29469420000000e+02 -2.00437340000000e+02 -2.12176540000000e+02 -7.97653690000000e+01 -7.60793130000000e+00 
 1.59601930000000e-01 -1.57303580000000e+01  2.13702690000000e+02  2.72947000000000e+01  4.13609380000000e+01  1.06873700000000e+00 -4.74041470000000e+01 -2.32846930000000e+02 -1.98588130000000e+02 -2.14210210000000e+02 -7.91275930000000e+01 -3.43927100000000e+01 
 1.58188680000000e-01 -1.57137150000000e+01  2.17692160000000e+02  2.77662290000000e+01  4.58983320000000e+01  1.07948040000000e+00 -4.76391120000000e+01 -2.23989120000000e+02 -1.98012620000000e+02 -2.11362810000000e+02 -7.92223890000000e+01 -8.08085210000000e+01 
 1.58931980000000e-01 -1.57388600000000e+01  2.15400650000000e+02  2.70467920000000e+01  3.37725760000000e+01  1.04726360000000e+00 -4.63051870000000e+01 -2.08432270000000e+02 -1.96888600000000e+02 -2.11106970000000e+02 -7.49357100000000e+01 -2.70245430000000e+01 
 1.58032810000000e-01 -1.57383330000000e+01  2.21903840000000e+02  2.70726730000000e+01  3.13045170000000e+01  1.03151940000000e+00 -4.46905730000000e+01 -1.93302000000000e+02 -1.92434230000000e+02 -2.14544310000000e+02 -7.38713370000000e+01 -2.57366180000000e+01 
 1.57879280000000e-01 -1.57387400000000e+01  2.23663890000000e+02  2.75683180000000e+01  3.12406990000000e+01  1.01569910000000e+00 -4.53192900000000e+01 -1.71766480000000e+02 -1.89207090000000e+02 -2.08417120000000e+02 -7.99890100000000e+01 -3.79421790000000e+01 
 1.58476720000000e-01 -1.57433840000000e+01  2.21729000000000e+02  2.79615870000000e+01  3.53043120000000e+01  1.02433330000000e+00 -4.56258000000000e+01 -1.84521840000000e+02 -1.92493970000000e+02 -2.07696840000000e+02 -8.08674720000000e+01 -6.67122950000000e+01 
 1.58365560000000e-01 -1.57268510000000e+01  2.21068870000000e+02  2.77169120000000e+01  3.75994810000000e+01  1.01549190000000e+00 -4.55055880000000e+01 -1.91277420000000e+02 -1.91730540000000e+02 -2.06133780000000e+02 -8.11217680000000e+01 -8.39225190000000e+01 
 1.59103720000000e-01 -1.57606490000000e+01  2.14305260000000e+02  2.78958510000000e+01  3.17071600000000e+01  9.89096230000000e-01 -4.56597650000000e+01 -1.81459010000000e+02 -1.84522900000000e+02 -2.08801360000000e+02 -8.02857410000000e+01 -4.52984980000000e+01 
 1.57955240000000e-01 -1.57150580000000e+01  2.16636670000000e+02  2.73794460000000e+01  2.86944400000000e+01  9.97254910000000e-01 -4.48349830000000e+01 -1.87374670000000e+02 -1.88970930000000e+02 -2.01995620000000e+02 -7.96172030000000e+01 -7.78357120000000e+01 
 1.57725570000000e-01 -1.57236340000000e+01  2.24777500000000e+02  2.73815630000000e+01  1.95648790000000e+01  9.97514890000000e-01 -4.45838470000000e+01 -1.07679950000000e+02 -1.84938830000000e+02 -2.14614010000000e+02 -7.95582550000000e+01 -5.36298850000000e+01 
 1.58230890000000e-01 -1.57190750000000e+01  2.13400330000000e+02  2.70290730000000e+01  2.01306040000000e+01  1.00488920000000e+00 -4.51222330000000e+01 -1.72286010000000e+02 -1.93278170000000e+02 -2.08490810000000e+02 -7.76948910000000e+01 -5.00655840000000e+01 
 1.57392650000000e-01 -1.56998890000000e+01  2.18105300000000e+02  2.70012580000000e+01  2.02639160000000e+01  1.01602460000000e+00 -4.46980520000000e+01 -1.47971580000000e+02 -1.90149130000000e+02 -2.08751890000000e+02 -7.66497140000000e+01 -3.85862900000000e+01 
 1.58630900000000e-01 -1.57142560000000e+01  2.13868580000000e+02  2.73756000000000e+01  2.84186070000000e+01  1.01581300000000e+00 -4.51422520000000e+01 -1.65081470000000e+02 -1.91661400000000e+02 -2.15327570000000e+02 -7.78154130000000e+01 -2.93720480000000e+01 
 1.59021600000000e-01 -1.57340010000000e+01  2.12631950000000e+02  2.74689210000000e+01  2.54562230000000e+01  1.00572450000000e+00 -4.56439160000000e+01 -1.44423010000000e+02 -1.91697940000000e+02 -2.09594730000000e+02 -7.82194460000000e+01 -1.29388950000000e+01 
 1.59266380000000e-01 -1.57422270000000e+01  2.15163820000000e+02  2.80731030000000e+01  2.85905260000000e+01  9.81727260000000e-01 -4.34470490000000e+01 -1.23418390000000e+02 -1.86171250000000e+02 -2.07873660000000e+02 -7.27610760000000e+01 -6.21697250000000e+01 
 1.59023580000000e-01 -1.57582690000000e+01  2.22405330000000e+02  2.80652200000000e+01  3.70444600000000e+01  9.93539960000000e-01 -4.31604930000000e+01 -1.64776180000000e+02 -1.86737110000000e+02 -2.06227830000000e+02 -7.31221730000000e+01 -4.92006020000000e+01 
 1.58832650000000e-01 -1.57790490000000e+01  2.19381360000000e+02  2.84815210000000e+01  2.96354870000000e+01  9.35794100000000e-01 -4.30697170000000e+01 -1.34466220000000e+02 -1.80452300000000e+02 -2.03914700000000e+02 -7.70793750000000e+01 -5.06725660000000e+01 
 1.58816910000000e-01 -1.57761390000000e+01  2.21104280000000e+02  2.82436750000000e+01  3.47294570000000e+01  9.54646920000000e-01 -4.34423360000000e+01 -1.60434150000000e+02 -1.84156880000000e+02 -2.05901400000000e+02 -7.63770340000000e+01 -5.44999730000000e+01 
 1.59645920000000e-01 -1.57854150000000e+01  2.19823360000000e+02  2.80829860000000e+01  3.22729220000000e+01  9.68982830000000e-01 -4.40232750000000e+01 -1.49223520000000e+02 -1.78691340000000e+02 -2.03100460000000e+02 -7.70597120000000e+01 -3.30636320000000e+01 
 1.58980240000000e-01 -1.57373360000000e+01  2.22162940000000e+02  2.70861880000000e+01  2.69129680000000e+01  1.00242290000000e+00 -4.37353950000000e+01 -1.80314270000000e+02 -1.87654640000000e+02 -2.09623720000000e+02 -7.71049000000000e+01 -5.46014840000000e+01 
 1.57054040000000e-01 -1.57358010000000e+01  2.29428950000000e+02  2.71904670000000e+01  2.51605890000000e+01  1.02467370000000e+00 -4.46100450000000e+01 -1.66596710000000e+02 -1.90592380000000e+02 -2.11697240000000e+02 -7.82890790000000e+01 -5.05574390000000e+01 
 1.56082640000000e-01 -1.57325400000000e+01  2.31701990000000e+02  2.73897820000000e+01  1.77360310000000e+01  9.84173090000000e-01 -4.38272420000000e+01 -1.25208570000000e+02 -1.84402520000000e+02 -2.06599880000000e+02 -7.90025460000000e+01 -5.82219950000000e+01 
 1.57200280000000e-01 -1.57157830000000e+01  2.23696760000000e+02  2.71291760000000e+01  1.94485460000000e+01  9.91647130000000e-01 -4.36890970000000e+01 -1.54167780000000e+02 -1.83726430000000e+02 -2.06914060000000e+02 -7.83502130000000e+01 -6.67665760000000e+01 
 1.57231620000000e-01 -1.56988930000000e+01  2.21997520000000e+02  2.72917400000000e+01  2.14603400000000e+01  9.93418060000000e-01 -4.31440400000000e+01 -1.49474580000000e+02 -1.85998650000000e+02 -2.08123820000000e+02 -7.67684280000000e+01 -7.24020320000000e+01 
 1.57818130000000e-01 -1.57216350000000e+01  2.24906360000000e+02  2.72443590000000e+01  1.95208870000000e+01  9.78284750000000e-01 -4.29474570000000e+01 -1.12671660000000e+02 -1.85176150000000e+02 -2.08894530000000e+02 -7.66395980000000e+01 -4.83625310000000e+01 
 1.57427510000000e-01 -1.57402240000000e+01  2.25416630000000e+02  2.77076240000000e+01  1.75791270000000e+01  9.85066750000000e-01 -4.23003110000000e+01 -1.16731410000000e+02 -1.84030690000000e+02 -2.08438070000000e+02 -7.26559250000000e+01 -5.75706760000000e+01 
 1.56423660000000e-01 -1.57033980000000e+01  2.32885960000000e+02  2.72488760000000e+01  1.96252340000000e+01  9.70593190000000e-01 -4.17640170000000e+01 -9.77755120000000e+01 -1.78088360000000e+02 -2.05882030000000e+02 -7.67781090000000e+01 -2.54413260000000e+01 
 1.56801440000000e-01 -1.57163240000000e+01  2.32110710000000e+02  2.72994080000000e+01  1.60340880000000e+01  9.49761450000000e-01 -4.09168570000000e+01 -8.83735570000000e+01 -1.78145920000000e+02 -1.99460470000000e+02 -7.52699490000000e+01 -1.34357010000000e+01 
 1.56235300000000e-01 -1.57133430000000e+01  2.31006520000000e+02  2.75015090000000e+01  1.88595970000000e+01  9.67154620000000e-01 -4.16148550000000e+01 -1.22976040000000e+02 -1.82046460000000e+02 -2.02020670000000e+02 -7.53380650000000e+01 -6.87713870000000e+01 
 1.56923040000000e-01 -1.57340650000000e+01  2.30927270000000e+02  2.74964010000000e+01  2.13286420000000e+01  9.47233640000000e-01 -4.18650790000000e+01 -1.23269920000000e+02 -1.80339660000000e+02 -2.03493340000000e+02 -7.71868040000000e+01 -5.50431070000000e+01 
 1.57427080000000e-01 -1.57673600000000e+01  2.33849990000000e+02  2.80636040000000e+01  2.15634740000000e+01  9.78821610000000e-01 -4.18908600000000e+01 -9.95035680000000e+01 -1.85612750000000e+02 -2.07778120000000e+02 -7.24448580000000e+01 -5.43112840000000e+01 
 1.57275790000000e-01 -1.57605780000000e+01  2.31934400000000e+02  2.84428460000000e+01  3.29478920000000e+01  9.71379520000000e-01 -4.23706000000000e+01 -1.05440940000000e+02 -1.80039480000000e+02 -2.00275490000000e+02 -7.32854860000000e+01 -4.64328300000000e+01 
 1.57561120000000e-01 -1.57465540000000e+01  2.23818850000000e+02  2.83950320000000e+01  2.82059100000000e+01  9.67303910000000e-01 -4.24159440000000e+01 -1.10584350000000e+02 -1.82663200000000e+02 -2.05071250000000e+02 -7.43604990000000e+01 -1.56625590000000e+01 
 1.57760270000000e-01 -1.57746060000000e+01  2.30205300000000e+02  2.85748900000000e+01  2.40557200000000e+01  9.80521600000000e-01 -4.26036610000000e+01 -7.34948280000000e+01 -1.80892830000000e+02 -2.11287370000000e+02 -7.14368950000000e+01 -6.62748700000000e+01 
 1.57779720000000e-01 -1.57739320000000e+01  2.28535010000000e+02  2.81527480000000e+01  2.10270340000000e+01  9.76892510000000e-01 -4.30662880000000e+01 -6.46492720000000e+01 -1.82053550000000e+02 -2.06980530000000e+02 -7.13457670000000e+01 -6.87974250000000e+00 
 1.58473320000000e-01 -1.57558530000000e+01  2.21897700000000e+02  2.76303610000000e+01  1.71422140000000e+01  9.99292740000000e-01 -4.43599520000000e+01 -7.55760330000000e+01 -1.80721930000000e+02 -2.08879550000000e+02 -7.38930250000000e+01 -1.48521060000000e+01 
 1.58269000000000e-01 -1.57558470000000e+01  2.21517190000000e+02  2.77239900000000e+01  1.71580200000000e+01  1.00727800000000e+00 -4.51783100000000e+01 -9.44132910000000e+01 -1.86026550000000e+02 -2.06955510000000e+02 -7.71281120000000e+01 -3.02396340000000e+01 
 1.58949650000000e-01 -1.57275490000000e+01  2.15204640000000e+02  2.71947940000000e+01  1.70725440000000e+01  1.00968620000000e+00 -4.52454380000000e+01 -1.19648000000000e+02 -1.88722530000000e+02 -2.12698220000000e+02 -7.74843840000000e+01 -3.53638010000000e+01 
 1.58581470000000e-01 -1.57449780000000e+01  2.22579180000000e+02  2.72217320000000e+01  1.54085930000000e+01  1.02713750000000e+00 -4.48289770000000e+01 -1.18500880000000e+02 -1.93175040000000e+02 -2.11616560000000e+02 -7.50271340000000e+01 -6.14392480000000e+01 
 1.58104130000000e-01 -1.57469250000000e+01  2.23944280000000e+02  2.70893840000000e+01  2.18018590000000e+01  1.02458350000000e+00 -4.56001560000000e+01 -1.65815880000000e+02 -1.92132830000000e+02 -2.15312790000000e+02 -7.92314300000000e+01 -6.19021040000000e+01 
 1.56939910000000e-01 -1.57468520000000e+01  2.28029420000000e+02  2.75314920000000e+01  3.17470920000000e+01  1.00573810000000e+00 -4.46009610000000e+01 -1.87901330000000e+02 -1.86939000000000e+02 -2.10921380000000e+02 -7.83030210000000e+01 -6.26362450000000e+01 
 1.57634450000000e-01 -1.57580900000000e+01  2.27524360000000e+02  2.76847220000000e+01  3.53256960000000e+01  9.85273710000000e-01 -4.42176920000000e+01 -1.93572120000000e+02 -1.85051570000000e+02 -2.04507270000000e+02 -8.03728600000000e+01 -4.07245190000000e+01 
 1.57724150000000e-01 -1.57586740000000e+01  2.27134250000000e+02  2.81312420000000e+01  2.46529460000000e+01  1.01766050000000e+00 -4.44855870000000e+01 -1.10547260000000e+02 -1.92786400000000e+02 -2.07476640000000e+02 -7.48305400000000e+01 -5.30260170000000e+01 
 1.58050050000000e-01 -1.57420190000000e+01  2.22037290000000e+02  2.74222760000000e+01  2.28956210000000e+01  1.03699470000000e+00 -4.56208930000000e+01 -1.32342420000000e+02 -1.91182400000000e+02 -2.11963000000000e+02 -7.64056110000000e+01 -1.63208100000000e+01 
 1.58353940000000e-01 -1.57445260000000e+01  2.23182990000000e+02  2.72789470000000e+01  2.62665450000000e+01  1.05738840000000e+00 -4.58607280000000e+01 -1.50657240000000e+02 -2.02752390000000e+02 -2.15837280000000e+02 -7.46909310000000e+01 -2.89308650000000e+01 
 1.58230730000000e-01 -1.57333630000000e+01  2.23349960000000e+02  2.73263450000000e+01  2.78075490000000e+01  1.08591900000000e+00 -4.69491220000000e+01 -1.40744850000000e+02 -1.99602500000000e+02 -2.19037260000000e+02 -7.51807460000000e+01 -3.97096490000000e+01 
 1.58032000000000e-01 -1.57335340000000e+01  2.21172090000000e+02  2.79071200000000e+01  2.57201130000000e+01  1.04250490000000e+00 -4.64164340000000e+01 -1.22630270000000e+02 -1.91750580000000e+02 -2.09996220000000e+02 -7.93601670000000e+01 -5.70074790000000e+01 
 1.57151890000000e-01 -1.57041520000000e+01  2.19580260000000e+02  2.75745320000000e+01  1.87692560000000e+01  1.04368580000000e+00 -4.62182090000000e+01 -1.15009330000000e+02 -1.94901700000000e+02 -2.16651800000000e+02 -7.83806080000000e+01 -7.86975480000000e+01 
 1.57667720000000e-01 -1.57448870000000e+01  2.28153230000000e+02  2.76292890000000e+01  2.51943160000000e+01  1.05174110000000e+00 -4.56612270000000e+01 -1.32754350000000e+02 -1.97145530000000e+02 -2.11220920000000e+02 -7.72506970000000e+01 -2.67490350000000e+01 
 1.57419940000000e-01 -1.57503640000000e+01  2.29328930000000e+02  2.75934430000000e+01  3.08717150000000e+01  1.06509380000000e+00 -4.60880390000000e+01 -1.53310690000000e+02 -1.99610040000000e+02 -2.12843420000000e+02 -7.52680320000000e+01 -4.46588700000000e+01 
 1.56897270000000e-01 -1.57552160000000e+01  2.35138090000000e+02  2.76977090000000e+01  2.72693210000000e+01  1.05298260000000e+00 -4.59004500000000e+01 -1.37637730000000e+02 -1.94175780000000e+02 -2.13593940000000e+02 -7.90075160000000e+01 -4.95101220000000e+01 
 1.57384050000000e-01 -1.57588040000000e+01  2.30521550000000e+02  2.81561890000000e+01  2.79093830000000e+01  1.03483650000000e+00 -4.56438630000000e+01 -1.13621010000000e+02 -1.91734050000000e+02 -2.14808650000000e+02 -7.82955170000000e+01 -4.45941470000000e+01 
 1.56923820000000e-01 -1.57695170000000e+01  2.29897520000000e+02  2.81860840000000e+01  2.64708240000000e+01  1.00304500000000e+00 -4.46817810000000e+01 -1.19409900000000e+02 -1.85633070000000e+02 -2.03112630000000e+02 -7.63701860000000e+01 -4.77103320000000e+01 
 1.58341490000000e-01 -1.57415760000000e+01  2.18209830000000e+02  2.81259680000000e+01  2.98917970000000e+01  9.98940280000000e-01 -4.45388900000000e+01 -1.21418800000000e+02 -1.86845910000000e+02 -2.07360030000000e+02 -7.52869530000000e+01 -3.76144720000000e+01 
 1.59654650000000e-01 -1.57608140000000e+01  2.08749450000000e+02  2.84076500000000e+01  3.69782580000000e+01  9.72580700000000e-01 -4.47658930000000e+01 -1.68633530000000e+02 -1.82530030000000e+02 -2.00624670000000e+02 -7.48071160000000e+01 -2.75313240000000e+01 
 1.59500550000000e-01 -1.57549170000000e+01  2.11439890000000e+02  2.88753930000000e+01  3.75360750000000e+01  9.45306440000000e-01 -4.40115050000000e+01 -1.30310550000000e+02 -1.83167360000000e+02 -2.01401360000000e+02 -7.63752720000000e+01 -6.55247750000000e+01 
 1.58911420000000e-01 -1.57781590000000e+01  2.16251680000000e+02  2.90102170000000e+01  3.48859130000000e+01  9.16223860000000e-01 -4.26709350000000e+01 -1.09584050000000e+02 -1.75214610000000e+02 -1.94893490000000e+02 -7.50249470000000e+01 -4.89334320000000e+01 
 1.59366040000000e-01 -1.57692190000000e+01  2.12735200000000e+02  2.91814010000000e+01  3.50840650000000e+01  9.06487210000000e-01 -4.23536220000000e+01 -1.17409630000000e+02 -1.73759120000000e+02 -1.95448010000000e+02 -7.45387430000000e+01 -8.22576300000000e+01 
 1.57857590000000e-01 -1.57818410000000e+01  2.19431120000000e+02  2.96332130000000e+01  4.58229740000000e+01  8.46617480000000e-01 -4.00718520000000e+01 -1.52941420000000e+02 -1.64704640000000e+02 -1.90406900000000e+02 -7.41219940000000e+01 -7.06242200000000e+01 
 1.57735470000000e-01 -1.58087250000000e+01  2.24813390000000e+02  2.96867430000000e+01  5.21348470000000e+01  8.14971690000000e-01 -3.90351960000000e+01 -1.93612160000000e+02 -1.57750540000000e+02 -1.88000970000000e+02 -7.55096400000000e+01 -6.36015360000000e+01 
 1.58130120000000e-01 -1.57914430000000e+01  2.24527300000000e+02  2.89588160000000e+01  5.31380000000000e+01  8.52842760000000e-01 -3.91276900000000e+01 -2.22048640000000e+02 -1.65904740000000e+02 -1.92275790000000e+02 -7.23058220000000e+01 -7.19148910000000e+01 
 1.58213290000000e-01 -1.57573990000000e+01  2.20417990000000e+02  2.91621680000000e+01  5.93803930000000e+01  8.25430970000000e-01 -3.76959570000000e+01 -2.19727780000000e+02 -1.62404920000000e+02 -1.87369750000000e+02 -7.20658190000000e+01 -4.41089670000000e+01 
 1.56924920000000e-01 -1.57722320000000e+01  2.26003910000000e+02  2.98005600000000e+01  6.17972540000000e+01  8.05056670000000e-01 -3.77614940000000e+01 -2.18482360000000e+02 -1.61034080000000e+02 -1.86138520000000e+02 -7.44560610000000e+01 -6.17394210000000e+01 
 1.57624960000000e-01 -1.57704860000000e+01  2.20995550000000e+02  2.88088200000000e+01  4.71131110000000e+01  7.93360410000000e-01 -3.71044070000000e+01 -1.97302300000000e+02 -1.54806030000000e+02 -1.87233460000000e+02 -7.29436160000000e+01 -2.24355300000000e+01 
 1.58427890000000e-01 -1.57874280000000e+01  2.16435620000000e+02  2.91890640000000e+01  4.24165970000000e+01  7.91728110000000e-01 -3.89844470000000e+01 -1.45091270000000e+02 -1.57633070000000e+02 -1.86791050000000e+02 -7.56134890000000e+01 -1.79509250000000e+01 
 1.58396310000000e-01 -1.57618680000000e+01  2.18426660000000e+02  2.81746370000000e+01  2.93024750000000e+01  8.49177680000000e-01 -3.86426610000000e+01 -1.43793210000000e+02 -1.60760280000000e+02 -1.92795300000000e+02 -7.07408130000000e+01 -6.53788090000000e+01 
 1.59666240000000e-01 -1.57777210000000e+01  2.09851810000000e+02  2.79717790000000e+01  2.08882600000000e+01  8.15337810000000e-01 -3.91597480000000e+01 -1.21216940000000e+02 -1.62031730000000e+02 -1.92421700000000e+02 -7.27113950000000e+01 -2.94114720000000e+01 
 1.59642300000000e-01 -1.57997860000000e+01  2.13929810000000e+02  2.76904670000000e+01  1.78268650000000e+01  8.16081710000000e-01 -3.88807980000000e+01 -1.19423410000000e+02 -1.62113800000000e+02 -1.90519720000000e+02 -6.99427330000000e+01 -4.00838320000000e+01 
 1.60425890000000e-01 -1.57987060000000e+01  2.11944990000000e+02  2.84738530000000e+01  2.27099650000000e+01  8.20700550000000e-01 -3.84650950000000e+01 -8.73061380000000e+01 -1.59384570000000e+02 -1.87294390000000e+02 -6.86981900000000e+01 -4.23984180000000e+01 
 1.60022990000000e-01 -1.57944620000000e+01  2.10600760000000e+02  2.88066790000000e+01  3.40746320000000e+01  8.14124900000000e-01 -3.88158610000000e+01 -1.47167500000000e+02 -1.57911010000000e+02 -1.86466250000000e+02 -7.04418940000000e+01 -6.51197160000000e+01 
 1.60088290000000e-01 -1.58070280000000e+01  2.13404180000000e+02  2.92398260000000e+01  4.82250930000000e+01  8.40949760000000e-01 -3.96859660000000e+01 -1.58281700000000e+02 -1.66213800000000e+02 -1.91996010000000e+02 -7.08954280000000e+01  1.75104360000000e+01 
 1.60051670000000e-01 -1.58052650000000e+01  2.12952510000000e+02  2.95540430000000e+01  4.64126110000000e+01  8.41073290000000e-01 -4.01149410000000e+01 -1.67963610000000e+02 -1.62318270000000e+02 -1.92203700000000e+02 -7.32431110000000e+01 -6.16481180000000e+01 
 1.59500760000000e-01 -1.57991100000000e+01  2.14822620000000e+02  2.96002800000000e+01  5.18958080000000e+01  8.51418590000000e-01 -3.98311380000000e+01 -1.94353870000000e+02 -1.65180380000000e+02 -1.96408400000000e+02 -7.15018980000000e+01 -6.70005640000000e+01 
 1.59941110000000e-01 -1.57776880000000e+01  2.08531600000000e+02  2.97166520000000e+01  5.58743160000000e+01  8.46035470000000e-01 -4.00004930000000e+01 -1.91345950000000e+02 -1.65047920000000e+02 -1.87565910000000e+02 -7.13209290000000e+01 -3.97151020000000e+01 
 1.58797060000000e-01 -1.57753030000000e+01  2.12388800000000e+02  2.96003230000000e+01  4.78490170000000e+01  8.44640460000000e-01 -4.07443130000000e+01 -1.56683680000000e+02 -1.65160930000000e+02 -1.90243650000000e+02 -7.52226040000000e+01 -6.04473330000000e+01 
 1.59012080000000e-01 -1.57606280000000e+01  2.10419920000000e+02  2.90098150000000e+01  3.67014960000000e+01  8.62250430000000e-01 -4.14786880000000e+01 -1.24598370000000e+02 -1.68437770000000e+02 -1.90050090000000e+02 -7.52953280000000e+01 -5.71775810000000e+01 
 1.59064700000000e-01 -1.57773240000000e+01  2.12704370000000e+02  2.89933110000000e+01  3.44632960000000e+01  8.77913880000000e-01 -4.18466450000000e+01 -1.19033310000000e+02 -1.73259040000000e+02 -1.93860070000000e+02 -7.43020980000000e+01 -5.68121680000000e+01 
 1.59925580000000e-01 -1.58017310000000e+01  2.11774240000000e+02  2.95414120000000e+01  3.82084550000000e+01  9.06044720000000e-01 -4.31609530000000e+01 -1.22811760000000e+02 -1.75582250000000e+02 -1.93606540000000e+02 -7.50020740000000e+01 -6.43050070000000e+01 
 1.60383680000000e-01 -1.58066470000000e+01  2.09418880000000e+02  3.01939680000000e+01  4.47200780000000e+01  9.00920660000000e-01 -4.33286380000000e+01 -1.04414150000000e+02 -1.71219780000000e+02 -2.03271260000000e+02 -7.42812170000000e+01 -6.78729680000000e+01 
 1.60899590000000e-01 -1.57950990000000e+01  2.08704520000000e+02  2.90337940000000e+01  3.83954940000000e+01  9.08298300000000e-01 -4.29331640000000e+01 -1.39541200000000e+02 -1.75001410000000e+02 -1.93433870000000e+02 -7.53239620000000e+01 -3.80392170000000e+01 
 1.58979790000000e-01 -1.57629620000000e+01  2.13753430000000e+02  2.88821790000000e+01  3.87631190000000e+01  9.07050650000000e-01 -4.24558560000000e+01 -1.58392510000000e+02 -1.76727650000000e+02 -1.97535790000000e+02 -7.68422370000000e+01 -6.03225300000000e+01 
 1.59191720000000e-01 -1.57422700000000e+01  2.11863570000000e+02  2.79216220000000e+01  2.93343540000000e+01  9.14729030000000e-01 -4.14380320000000e+01 -1.60488570000000e+02 -1.75322420000000e+02 -1.94471490000000e+02 -7.37161590000000e+01 -4.47577070000000e+01 
 1.59662400000000e-01 -1.57498280000000e+01  2.13942290000000e+02  2.74860340000000e+01  3.02243530000000e+01  9.63231110000000e-01 -4.27155140000000e+01 -1.74897510000000e+02 -1.85618660000000e+02 -2.06133050000000e+02 -7.32579410000000e+01 -1.70553830000000e+01 
 1.59122250000000e-01 -1.57700210000000e+01  2.15434890000000e+02  2.80012300000000e+01  3.10165050000000e+01  9.46991620000000e-01 -4.29670910000000e+01 -1.45569080000000e+02 -1.79609600000000e+02 -2.04670480000000e+02 -7.28554450000000e+01 -1.55006730000000e+01 
 1.59228640000000e-01 -1.57466660000000e+01  2.14257820000000e+02  2.75933320000000e+01  2.94003000000000e+01  9.17650160000000e-01 -4.22478390000000e+01 -1.76294990000000e+02 -1.76712640000000e+02 -2.00943030000000e+02 -7.64068250000000e+01 -7.68571610000000e+01 
 1.59364910000000e-01 -1.57238360000000e+01  2.06847390000000e+02  2.74209320000000e+01  3.18162050000000e+01  9.20513070000000e-01 -4.34457700000000e+01 -1.88656490000000e+02 -1.74911350000000e+02 -2.05813040000000e+02 -7.78698450000000e+01 -6.45953620000000e+01 
 1.59602360000000e-01 -1.57379720000000e+01  2.08039700000000e+02  2.74887780000000e+01  3.26385970000000e+01  9.43686360000000e-01 -4.38871750000000e+01 -2.12978450000000e+02 -1.83991670000000e+02 -2.01232840000000e+02 -7.82194830000000e+01 -7.12481840000000e+01 
 1.59525780000000e-01 -1.57522670000000e+01  2.11031330000000e+02  2.82413770000000e+01  3.93687480000000e+01  9.80493590000000e-01 -4.44634740000000e+01 -2.02908790000000e+02 -1.88531430000000e+02 -2.02339320000000e+02 -7.62623740000000e+01 -6.71368960000000e+01 
 1.59712890000000e-01 -1.57769860000000e+01  2.13745030000000e+02  2.83717410000000e+01  4.61431370000000e+01  9.60777750000000e-01 -4.37017400000000e+01 -2.07730980000000e+02 -1.79126040000000e+02 -2.03236110000000e+02 -7.32686510000000e+01 -5.51305560000000e+01 
 1.59768800000000e-01 -1.57566080000000e+01  2.14511220000000e+02  2.80166810000000e+01  4.68788650000000e+01  9.87657860000000e-01 -4.35927620000000e+01 -2.36370100000000e+02 -1.83919650000000e+02 -2.07249410000000e+02 -7.18278800000000e+01 -8.44500580000000e+01 
 1.58507570000000e-01 -1.57343710000000e+01  2.23023330000000e+02  2.80386130000000e+01  5.01579210000000e+01  1.02882490000000e+00 -4.41295620000000e+01 -2.27489730000000e+02 -1.88645950000000e+02 -2.10374530000000e+02 -7.55644180000000e+01 -3.91836060000000e+01 
 1.58256220000000e-01 -1.57407480000000e+01  2.23563270000000e+02  2.80107250000000e+01  4.25556490000000e+01  1.02590300000000e+00 -4.39985450000000e+01 -2.07881040000000e+02 -1.92294790000000e+02 -2.00720800000000e+02 -7.57230790000000e+01 -4.23212120000000e+01 
 1.56706250000000e-01 -1.57260560000000e+01  2.30571660000000e+02  2.77456060000000e+01  4.38618020000000e+01  9.98888310000000e-01 -4.35682100000000e+01 -2.10034570000000e+02 -1.84901660000000e+02 -2.10672540000000e+02 -7.83777790000000e+01 -5.48878570000000e+01 
 1.56743580000000e-01 -1.57268520000000e+01  2.29337400000000e+02  2.80421240000000e+01  4.15238890000000e+01  1.01530080000000e+00 -4.42322740000000e+01 -1.62751560000000e+02 -1.88590100000000e+02 -2.07442480000000e+02 -7.64805040000000e+01 -3.59019780000000e+01 
 1.56958190000000e-01 -1.57328350000000e+01  2.30861580000000e+02  2.78073760000000e+01  3.98168530000000e+01  1.01455510000000e+00 -4.38804790000000e+01 -1.89967240000000e+02 -1.90323490000000e+02 -2.08126420000000e+02 -7.71315920000000e+01 -7.12097710000000e+01 
 1.57505850000000e-01 -1.57301130000000e+01  2.29423090000000e+02  2.73750360000000e+01  3.31214200000000e+01  1.00964000000000e+00 -4.29693050000000e+01 -1.71986660000000e+02 -1.86917660000000e+02 -2.09754950000000e+02 -7.41107330000000e+01 -4.52993310000000e+01 
 1.57783340000000e-01 -1.57326660000000e+01  2.26941490000000e+02  2.76446270000000e+01  4.63861900000000e+01  1.03125580000000e+00 -4.43979820000000e+01 -2.14888840000000e+02 -1.91700650000000e+02 -2.03563850000000e+02 -7.53742130000000e+01 -4.00927820000000e+01 
 1.58383250000000e-01 -1.57359690000000e+01  2.23787750000000e+02  2.73901110000000e+01  3.27585860000000e+01  1.05365860000000e+00 -4.46554740000000e+01 -1.94402270000000e+02 -1.91790690000000e+02 -2.13145810000000e+02 -7.39528460000000e+01 -4.95845920000000e+01 
 1.57266110000000e-01 -1.57280300000000e+01  2.27942290000000e+02  2.72841220000000e+01  2.49689770000000e+01  1.01927570000000e+00 -4.37374680000000e+01 -1.47553660000000e+02 -1.94052420000000e+02 -2.09223720000000e+02 -7.51345970000000e+01 -3.68746580000000e+01 
 1.56999660000000e-01 -1.57179420000000e+01  2.29172570000000e+02  2.72805790000000e+01  1.75294760000000e+01  1.03057160000000e+00 -4.43320810000000e+01 -1.09090300000000e+02 -1.96084180000000e+02 -2.10246280000000e+02 -7.69064990000000e+01 -3.10311540000000e+01 
 1.57243200000000e-01 -1.57128070000000e+01  2.26864330000000e+02  2.70598340000000e+01  1.83529100000000e+01  1.04465150000000e+00 -4.50344380000000e+01 -1.30649040000000e+02 -1.94803310000000e+02 -2.14676060000000e+02 -7.81041850000000e+01 -2.82691290000000e+01 
 1.57013160000000e-01 -1.57314620000000e+01  2.31532740000000e+02  2.78041860000000e+01  1.82466450000000e+01  1.03830980000000e+00 -4.43494210000000e+01 -1.00035120000000e+02 -1.91793320000000e+02 -2.08961670000000e+02 -7.60297470000000e+01 -5.20118100000000e+01 
 1.56215820000000e-01 -1.57529720000000e+01  2.39074130000000e+02  2.77204610000000e+01  2.00033640000000e+01  1.04266220000000e+00 -4.44740120000000e+01 -8.91799330000000e+01 -1.89328550000000e+02 -2.10445890000000e+02 -7.38907750000000e+01 -3.83856220000000e+01 
 1.58043040000000e-01 -1.57669020000000e+01  2.31994690000000e+02  2.77719960000000e+01  2.52987910000000e+01  1.05220720000000e+00 -4.49637070000000e+01 -1.08685350000000e+02 -1.92467790000000e+02 -2.11190240000000e+02 -7.28168800000000e+01 -2.48056480000000e+01 
 1.58180780000000e-01 -1.57782710000000e+01  2.27470700000000e+02  2.85200650000000e+01  2.92293040000000e+01  1.02956400000000e+00 -4.52439440000000e+01 -1.04368220000000e+02 -1.91377140000000e+02 -2.09749290000000e+02 -7.49002420000000e+01 -4.92750460000000e+01 
 1.56667250000000e-01 -1.57560060000000e+01  2.32672680000000e+02  2.79486650000000e+01  1.86839010000000e+01  1.02159120000000e+00 -4.59719980000000e+01 -8.25931000000000e+01 -1.93011510000000e+02 -2.07609250000000e+02 -8.04165250000000e+01 -1.93703490000000e+01 
 1.56765710000000e-01 -1.57388820000000e+01  2.27521350000000e+02  2.86412060000000e+01  2.71241000000000e+01  1.03295300000000e+00 -4.53373170000000e+01 -8.81111920000000e+01 -1.91529350000000e+02 -2.17538320000000e+02 -7.56589650000000e+01 -8.24618640000000e+01 
 1.57776050000000e-01 -1.57824330000000e+01  2.28728900000000e+02  2.86562340000000e+01  2.41739920000000e+01  1.03467280000000e+00 -4.56767410000000e+01 -7.83806580000000e+01 -1.91420570000000e+02 -2.09892650000000e+02 -7.42831840000000e+01 -4.54275980000000e+01 
 1.57964040000000e-01 -1.57575250000000e+01  2.21113360000000e+02  2.83193270000000e+01  2.32703600000000e+01  1.01453560000000e+00 -4.57968080000000e+01 -9.68262250000000e+01 -1.88115130000000e+02 -2.09680020000000e+02 -7.73245150000000e+01 -4.78982290000000e+01 
 1.58418510000000e-01 -1.57650920000000e+01  2.19380160000000e+02  2.87437020000000e+01  3.45701200000000e+01  1.01987770000000e+00 -4.62231870000000e+01 -9.83650390000000e+01 -1.90397350000000e+02 -2.10110730000000e+02 -7.59564880000000e+01 -1.76621250000000e+01 
 1.57947100000000e-01 -1.57680200000000e+01  2.21836620000000e+02  2.85587730000000e+01  3.00001250000000e+01  1.00724440000000e+00 -4.54630450000000e+01 -1.18774480000000e+02 -1.87877180000000e+02 -2.09343840000000e+02 -7.61999100000000e+01 -7.86167310000000e+01 
 1.58857820000000e-01 -1.57889950000000e+01  2.19089970000000e+02  2.82803190000000e+01  3.91142460000000e+01  1.00915810000000e+00 -4.58095630000000e+01 -1.69341320000000e+02 -1.89439410000000e+02 -2.11145660000000e+02 -7.52491470000000e+01 -1.06015290000000e+01 
 1.59130330000000e-01 -1.57736970000000e+01  2.20866660000000e+02  2.79155450000000e+01  3.64813900000000e+01  1.04555730000000e+00 -4.60168100000000e+01 -1.67734630000000e+02 -1.94245320000000e+02 -2.12675620000000e+02 -7.40558790000000e+01 -1.51271560000000e+01 
 1.58772490000000e-01 -1.57504430000000e+01  2.17895380000000e+02  2.80244210000000e+01  4.16100040000000e+01  1.02862100000000e+00 -4.59512790000000e+01 -1.74195150000000e+02 -1.91562470000000e+02 -2.13198550000000e+02 -7.51525700000000e+01 -3.66966140000000e+01 
 1.58008230000000e-01 -1.57269530000000e+01  2.19447830000000e+02  2.78361650000000e+01  3.98216580000000e+01  1.02117760000000e+00 -4.53049620000000e+01 -2.11424220000000e+02 -1.93679810000000e+02 -2.11147740000000e+02 -7.85442140000000e+01 -8.45312370000000e+01 
 1.58388080000000e-01 -1.57437270000000e+01  2.24006220000000e+02  2.83306430000000e+01  3.99057680000000e+01  1.03846780000000e+00 -4.56944850000000e+01 -1.75853170000000e+02 -1.95040040000000e+02 -2.13019200000000e+02 -7.89435500000000e+01 -8.57171810000000e+01 
 1.58289350000000e-01 -1.57373590000000e+01  2.21614450000000e+02  2.74564100000000e+01  3.61599060000000e+01  1.02714550000000e+00 -4.56554760000000e+01 -2.00937470000000e+02 -1.96992410000000e+02 -2.14093580000000e+02 -7.92661300000000e+01 -4.50931340000000e+01 
 1.57862870000000e-01 -1.57275970000000e+01  2.19412080000000e+02  2.74961970000000e+01  3.43749610000000e+01  1.00811640000000e+00 -4.48277250000000e+01 -2.01626280000000e+02 -1.92581600000000e+02 -2.06186060000000e+02 -7.83237940000000e+01 -5.11736920000000e+01 
 1.57870640000000e-01 -1.56983960000000e+01  2.14700250000000e+02  2.80033050000000e+01  4.72284740000000e+01  9.79327850000000e-01 -4.39054950000000e+01 -2.07168600000000e+02 -1.83009570000000e+02 -2.07919780000000e+02 -7.64634710000000e+01 -6.87268420000000e+01 
 1.58298190000000e-01 -1.57012940000000e+01  2.15737560000000e+02  2.76889450000000e+01  2.82834860000000e+01  9.95838880000000e-01 -4.36108720000000e+01 -1.39714720000000e+02 -1.84625260000000e+02 -2.06820250000000e+02 -7.67122830000000e+01 -2.08702120000000e+01 
 1.58199600000000e-01 -1.57084760000000e+01  2.17516720000000e+02  2.74239250000000e+01  2.59359320000000e+01  9.82323660000000e-01 -4.36134880000000e+01 -1.66025660000000e+02 -1.83565420000000e+02 -2.04565120000000e+02 -7.88505560000000e+01 -7.34292530000000e+01 
 1.58363550000000e-01 -1.57178330000000e+01  2.16333380000000e+02  2.73986760000000e+01  3.57907610000000e+01  9.59649640000000e-01 -4.36024900000000e+01 -1.93905000000000e+02 -1.78570600000000e+02 -2.02962830000000e+02 -8.05557190000000e+01 -3.04265360000000e+00 
 1.57652790000000e-01 -1.57230190000000e+01  2.23533300000000e+02  2.74847810000000e+01  3.15050450000000e+01  9.78209970000000e-01 -4.34504190000000e+01 -1.67556020000000e+02 -1.81918520000000e+02 -2.04683170000000e+02 -7.96406010000000e+01 -3.18096480000000e+01 
 1.58116260000000e-01 -1.57149460000000e+01  2.15753740000000e+02  2.75942550000000e+01  3.50577870000000e+01  9.71977940000000e-01 -4.34124160000000e+01 -1.90773220000000e+02 -1.76831960000000e+02 -2.08529590000000e+02 -7.65436140000000e+01 -6.40936070000000e+01 
 1.59113100000000e-01 -1.57369900000000e+01  2.13105570000000e+02  2.81212710000000e+01  4.03253940000000e+01  9.39531190000000e-01 -4.25730980000000e+01 -1.95615780000000e+02 -1.76796150000000e+02 -2.00717240000000e+02 -7.57507200000000e+01 -7.54022240000000e+01 
 1.57896760000000e-01 -1.57489420000000e+01  2.19823270000000e+02  2.81787390000000e+01  4.16294440000000e+01  9.50743060000000e-01 -4.26022630000000e+01 -1.86111500000000e+02 -1.80136590000000e+02 -2.06819900000000e+02 -7.29822590000000e+01 -7.69000380000000e+01 
 1.57898450000000e-01 -1.57821660000000e+01  2.26033300000000e+02  2.89395730000000e+01  5.03878110000000e+01  9.40482730000000e-01 -4.22842010000000e+01 -2.04114460000000e+02 -1.77951930000000e+02 -1.99528980000000e+02 -7.55527330000000e+01 -4.47845840000000e+01 
 1.58733510000000e-01 -1.58038610000000e+01  2.19769940000000e+02  2.95302370000000e+01  4.87763950000000e+01  9.42191220000000e-01 -4.29728660000000e+01 -1.66703300000000e+02 -1.81681730000000e+02 -2.01151370000000e+02 -7.27354550000000e+01 -4.26508890000000e+01 
 1.58402590000000e-01 -1.57955120000000e+01  2.27263900000000e+02  2.96599680000000e+01  5.12915670000000e+01  9.55442450000000e-01 -4.29469430000000e+01 -1.26100890000000e+02 -1.76393040000000e+02 -1.99914680000000e+02 -7.41425860000000e+01 -1.31074280000000e+01 
 1.59440380000000e-01 -1.58143000000000e+01  2.19654450000000e+02  2.97318370000000e+01  3.97239660000000e+01  9.24738210000000e-01 -4.24656300000000e+01 -1.20396160000000e+02 -1.76507200000000e+02 -1.93163010000000e+02 -7.27628610000000e+01 -7.44722880000000e+01 
 1.60275020000000e-01 -1.58157880000000e+01  2.09692690000000e+02  2.99608620000000e+01  4.27594440000000e+01  8.98208590000000e-01 -4.31479080000000e+01 -1.10897190000000e+02 -1.71599100000000e+02 -1.95135790000000e+02 -7.29786710000000e+01 -3.17940720000000e+01 
 1.60257250000000e-01 -1.58115260000000e+01  2.11685510000000e+02  2.92853450000000e+01  3.28943710000000e+01  8.87436960000000e-01 -4.23048180000000e+01 -1.16904240000000e+02 -1.69142540000000e+02 -1.96348330000000e+02 -7.37217920000000e+01 -6.60639880000000e+01 
 1.59783550000000e-01 -1.58038410000000e+01  2.11573150000000e+02  2.94268680000000e+01  4.07640630000000e+01  8.70154980000000e-01 -4.20309350000000e+01 -1.22779750000000e+02 -1.65224030000000e+02 -1.91563240000000e+02 -7.41759800000000e+01 -2.43023870000000e+01 
 1.59699690000000e-01 -1.57884470000000e+01  2.08875800000000e+02  2.94882880000000e+01  4.28316790000000e+01  8.78951380000000e-01 -4.19723470000000e+01 -1.38943980000000e+02 -1.68486960000000e+02 -1.94729780000000e+02 -7.28269290000000e+01 -4.80716060000000e+01 
 1.59468940000000e-01 -1.57639020000000e+01  2.03830920000000e+02  2.91398400000000e+01  4.36544310000000e+01  8.87685710000000e-01 -4.31392990000000e+01 -1.84490650000000e+02 -1.72060470000000e+02 -1.89371200000000e+02 -7.59823430000000e+01 -7.03330410000000e+01 
 1.60823860000000e-01 -1.57780710000000e+01  2.00841600000000e+02  2.90682690000000e+01  4.58582700000000e+01  9.06206580000000e-01 -4.38247000000000e+01 -2.09441110000000e+02 -1.75249310000000e+02 -1.98799640000000e+02 -7.57584090000000e+01 -6.61436220000000e+01 
 1.61285730000000e-01 -1.58064900000000e+01  2.01887950000000e+02  2.89558070000000e+01  4.05893700000000e+01  9.09964620000000e-01 -4.40353830000000e+01 -1.81880810000000e+02 -1.75519220000000e+02 -1.99355460000000e+02 -7.40576970000000e+01 -3.84943730000000e+01 
 1.61115840000000e-01 -1.57875140000000e+01  2.00556480000000e+02  3.04402780000000e+01  5.21919600000000e+01  9.04114010000000e-01 -4.45286090000000e+01 -1.45254950000000e+02 -1.73703860000000e+02 -1.97821100000000e+02 -7.72368190000000e+01 -5.85689880000000e+01 
 1.60973220000000e-01 -1.58077590000000e+01  2.02581950000000e+02  3.03084230000000e+01  4.91691740000000e+01  8.96105750000000e-01 -4.39817990000000e+01 -1.53681160000000e+02 -1.71490700000000e+02 -1.90839600000000e+02 -7.70271340000000e+01 -3.93862620000000e+01 
 1.61331260000000e-01 -1.58158750000000e+01  2.03197960000000e+02  3.03663320000000e+01  5.12888480000000e+01  9.16662040000000e-01 -4.48126100000000e+01 -1.46801090000000e+02 -1.75911230000000e+02 -1.94584390000000e+02 -7.48666810000000e+01 -6.77814370000000e+01 
 1.61670280000000e-01 -1.58242590000000e+01  2.02601490000000e+02  3.07353460000000e+01  5.41045340000000e+01  9.21867710000000e-01 -4.50382050000000e+01 -1.39614500000000e+02 -1.80685360000000e+02 -1.99060590000000e+02 -7.48473710000000e+01 -6.58590040000000e+01 
 1.62183600000000e-01 -1.58442940000000e+01  2.01051030000000e+02  3.06618040000000e+01  4.86052240000000e+01  9.42266770000000e-01 -4.62246000000000e+01 -1.44712470000000e+02 -1.79861260000000e+02 -2.01323330000000e+02 -7.65114380000000e+01 -6.31784930000000e+01 
 1.61134890000000e-01 -1.58116700000000e+01  2.02574460000000e+02  3.04292370000000e+01  4.68184960000000e+01  9.24057800000000e-01 -4.58436160000000e+01 -1.21055930000000e+02 -1.79354160000000e+02 -2.03006300000000e+02 -7.74625490000000e+01 -8.64435410000000e+01 
 1.61669860000000e-01 -1.58219390000000e+01  2.03221450000000e+02  3.00478920000000e+01  4.69318670000000e+01  9.28814370000000e-01 -4.49121480000000e+01 -1.40151340000000e+02 -1.78958280000000e+02 -2.00806020000000e+02 -7.44822790000000e+01 -5.42870820000000e+01 
 1.61669620000000e-01 -1.58257550000000e+01  2.03699660000000e+02  2.98284410000000e+01  4.90738790000000e+01  9.48631730000000e-01 -4.50741050000000e+01 -1.80920770000000e+02 -1.83521000000000e+02 -2.04922900000000e+02 -7.29318140000000e+01 -5.66865360000000e+01 
 1.60395440000000e-01 -1.57991940000000e+01  2.05875140000000e+02  3.00455790000000e+01  4.86470500000000e+01  9.64082320000000e-01 -4.64693450000000e+01 -1.38229020000000e+02 -1.83465060000000e+02 -2.00963840000000e+02 -7.70569710000000e+01 -6.41257970000000e+01 
 1.61148610000000e-01 -1.57856590000000e+01  2.01091180000000e+02  2.94649380000000e+01  4.75830570000000e+01  9.52749930000000e-01 -4.58968360000000e+01 -1.88311660000000e+02 -1.82222940000000e+02 -2.01033370000000e+02 -7.70083950000000e+01 -7.42307310000000e+01 
 1.61635800000000e-01 -1.57879410000000e+01  2.00085280000000e+02  2.92755690000000e+01  4.97426610000000e+01  9.79853140000000e-01 -4.62168670000000e+01 -1.98749670000000e+02 -1.86880760000000e+02 -2.09596200000000e+02 -7.58813460000000e+01 -3.72016270000000e+00 
 1.60641920000000e-01 -1.57669770000000e+01  2.02684970000000e+02  2.86583730000000e+01  4.13054760000000e+01  1.00909310000000e+00 -4.72789790000000e+01 -1.74912380000000e+02 -1.87055110000000e+02 -2.11157940000000e+02 -7.66272680000000e+01 -4.58644000000000e+01 
 1.61107030000000e-01 -1.57741780000000e+01  2.07514520000000e+02  2.86286240000000e+01  4.61820650000000e+01  1.01833300000000e+00 -4.68201190000000e+01 -1.84926180000000e+02 -1.88021070000000e+02 -2.11225510000000e+02 -7.78716410000000e+01 -2.23811900000000e+01 
 1.60560550000000e-01 -1.57606360000000e+01  2.05527230000000e+02  2.89560290000000e+01  4.97462450000000e+01  1.01901880000000e+00 -4.72196120000000e+01 -2.13617100000000e+02 -1.90335070000000e+02 -2.06979160000000e+02 -7.90769040000000e+01 -5.76019150000000e+01 
 1.60854540000000e-01 -1.57638130000000e+01  2.05025680000000e+02  2.83497480000000e+01  3.83328750000000e+01  9.99174920000000e-01 -4.69080390000000e+01 -1.69574870000000e+02 -1.89875690000000e+02 -2.05886150000000e+02 -7.80249910000000e+01 -7.26917280000000e+01 
 1.61928700000000e-01 -1.57504830000000e+01  2.04703860000000e+02  2.74141270000000e+01  3.28226440000000e+01  1.03904310000000e+00 -4.72428400000000e+01 -1.99087620000000e+02 -1.92849700000000e+02 -2.11203420000000e+02 -7.96958350000000e+01 -4.27644730000000e+01 
 1.60901880000000e-01 -1.57293340000000e+01  2.01385580000000e+02  2.75790870000000e+01  3.60583360000000e+01  1.02470500000000e+00 -4.68407200000000e+01 -2.13443250000000e+02 -1.90266160000000e+02 -2.11680830000000e+02 -7.74453510000000e+01 -6.41780780000000e+01 
 1.60616360000000e-01 -1.57263750000000e+01  2.00389170000000e+02  2.71214880000000e+01  3.42413020000000e+01  1.00193390000000e+00 -4.70574660000000e+01 -2.17616490000000e+02 -1.89996990000000e+02 -2.11095220000000e+02 -8.03090100000000e+01 -2.38917250000000e+01 
 1.61463640000000e-01 -1.57659630000000e+01  2.04642480000000e+02  2.74376810000000e+01  3.87161480000000e+01  1.05815760000000e+00 -4.73168890000000e+01 -2.34525370000000e+02 -1.99845280000000e+02 -2.17125440000000e+02 -7.38122490000000e+01 -3.65474690000000e+01 
 1.61280040000000e-01 -1.57566860000000e+01  2.03039210000000e+02  2.77043530000000e+01  3.37504870000000e+01  1.03296690000000e+00 -4.62972700000000e+01 -1.95902680000000e+02 -1.89229660000000e+02 -2.11713380000000e+02 -7.27075040000000e+01 -6.23303730000000e+01 
 1.61666300000000e-01 -1.57400680000000e+01  2.01615660000000e+02  2.76240620000000e+01  3.53162560000000e+01  1.05256320000000e+00 -4.72226550000000e+01 -2.15865990000000e+02 -1.95299940000000e+02 -2.11330730000000e+02 -7.60499130000000e+01 -7.86329630000000e+01 
 1.61610820000000e-01 -1.57539710000000e+01  2.01116190000000e+02  2.77476230000000e+01  4.40271690000000e+01  1.04038890000000e+00 -4.76845440000000e+01 -2.34569670000000e+02 -1.92697360000000e+02 -2.12551280000000e+02 -7.66591810000000e+01 -4.06329090000000e+01 
 1.60582480000000e-01 -1.57273770000000e+01  2.03453260000000e+02  2.81494690000000e+01  4.27422990000000e+01  1.05608070000000e+00 -4.77371110000000e+01 -2.06148550000000e+02 -1.94874880000000e+02 -2.10398480000000e+02 -7.78831170000000e+01 -4.74566500000000e+01 
 1.60441360000000e-01 -1.56889500000000e+01  2.01527170000000e+02  2.74339480000000e+01  4.37964780000000e+01  1.06014030000000e+00 -4.75730350000000e+01 -2.37206140000000e+02 -1.96925020000000e+02 -2.07935010000000e+02 -7.89325210000000e+01 -5.86955160000000e+01 
 1.60192720000000e-01 -1.57091790000000e+01  2.08216680000000e+02  2.70589440000000e+01  3.79832790000000e+01  1.05475430000000e+00 -4.69760460000000e+01 -2.39006430000000e+02 -1.99379200000000e+02 -2.10753710000000e+02 -7.96406520000000e+01 -6.93234700000000e+01 
 1.60335810000000e-01 -1.57369520000000e+01  2.09768930000000e+02  2.76188290000000e+01  3.67634480000000e+01  1.03630950000000e+00 -4.68392540000000e+01 -2.13004550000000e+02 -1.90045650000000e+02 -2.15549890000000e+02 -8.04875980000000e+01 -7.17622540000000e+01 
 1.59736630000000e-01 -1.57293820000000e+01  2.06777850000000e+02  2.75434190000000e+01  3.85040560000000e+01  1.04032400000000e+00 -4.65272160000000e+01 -2.12689030000000e+02 -1.89707360000000e+02 -2.10237070000000e+02 -7.52621010000000e+01 -2.73921520000000e+01 
 1.60262470000000e-01 -1.57406140000000e+01  2.02885940000000e+02  2.81133520000000e+01  3.73528750000000e+01  1.00837400000000e+00 -4.67836530000000e+01 -1.90152270000000e+02 -1.88523140000000e+02 -2.06240860000000e+02 -7.73784580000000e+01 -6.40157530000000e+01 
 1.61062020000000e-01 -1.57240300000000e+01  2.03671890000000e+02  2.72858450000000e+01  3.88166390000000e+01  1.07387400000000e+00 -4.73169660000000e+01 -2.24959630000000e+02 -2.00738690000000e+02 -2.09675600000000e+02 -7.48060410000000e+01 -3.09668080000000e+01 
 1.59700180000000e-01 -1.57584620000000e+01  2.12586210000000e+02  2.80083130000000e+01  4.22988140000000e+01  1.07642720000000e+00 -4.80535520000000e+01 -2.04267160000000e+02 -1.96055080000000e+02 -2.13912280000000e+02 -7.62741900000000e+01 -4.74846950000000e+01 
 1.60431620000000e-01 -1.57563480000000e+01  2.08363310000000e+02  2.83868310000000e+01  4.64888620000000e+01  1.05831600000000e+00 -4.84742520000000e+01 -2.26012990000000e+02 -1.99482600000000e+02 -2.14091180000000e+02 -8.05302730000000e+01 -6.84458490000000e+01 
 1.59011430000000e-01 -1.57424870000000e+01  2.12557130000000e+02  2.82880600000000e+01  4.21980140000000e+01  1.06752980000000e+00 -4.88078510000000e+01 -2.18299410000000e+02 -2.00347430000000e+02 -2.16586150000000e+02 -8.34265220000000e+01 -8.53747380000000e+01 
 1.58659550000000e-01 -1.57475450000000e+01  2.19614160000000e+02  2.77732040000000e+01  4.39902660000000e+01  1.13539070000000e+00 -5.02058530000000e+01 -1.93028280000000e+02 -2.07205400000000e+02 -2.19692470000000e+02 -7.78335130000000e+01 -2.51924630000000e+01 
 1.59222220000000e-01 -1.57856780000000e+01  2.23509550000000e+02  2.81808340000000e+01  4.38415480000000e+01  1.18487000000000e+00 -5.10844690000000e+01 -1.97321840000000e+02 -2.09096850000000e+02 -2.18453380000000e+02 -7.54485900000000e+01 -4.65846210000000e+01 
 1.58884430000000e-01 -1.57504830000000e+01  2.18971400000000e+02  2.80943190000000e+01  3.97368180000000e+01  1.17966850000000e+00 -5.20817720000000e+01 -1.76059680000000e+02 -2.10129460000000e+02 -2.24884720000000e+02 -8.10843210000000e+01 -2.95059020000000e+01 
 1.59056860000000e-01 -1.57168040000000e+01  2.12462520000000e+02  2.74712170000000e+01  3.09111980000000e+01  1.20313250000000e+00 -5.37188560000000e+01 -1.62177490000000e+02 -2.18800470000000e+02 -2.27359030000000e+02 -8.30728290000000e+01 -2.79668600000000e+01 
 1.60234130000000e-01 -1.57292990000000e+01  2.15426820000000e+02  2.73758380000000e+01  2.34681390000000e+01  1.20000280000000e+00 -5.28465220000000e+01 -1.11404720000000e+02 -2.13798650000000e+02 -2.27988980000000e+02 -8.15023120000000e+01 -3.86335620000000e+01 
 1.58164370000000e-01 -1.57486660000000e+01  2.23479600000000e+02  2.79493900000000e+01  2.71575900000000e+01  1.19196690000000e+00 -5.25253860000000e+01 -1.14739610000000e+02 -2.16943230000000e+02 -2.28157490000000e+02 -8.03671100000000e+01 -3.61409390000000e+01 
 1.58513070000000e-01 -1.57331750000000e+01  2.21463820000000e+02  2.71054630000000e+01  1.96197320000000e+01  1.17982680000000e+00 -5.16175270000000e+01 -1.38454160000000e+02 -2.13532990000000e+02 -2.29400220000000e+02 -8.12796260000000e+01 -2.64005530000000e+01 
 1.58531690000000e-01 -1.57456040000000e+01  2.25713300000000e+02  2.71002170000000e+01  2.48231450000000e+01  1.18782810000000e+00 -5.16103700000000e+01 -1.63860360000000e+02 -2.13337240000000e+02 -2.26067010000000e+02 -8.23022180000000e+01 -1.94000410000000e+01 
 1.59089340000000e-01 -1.57511570000000e+01  2.25020240000000e+02  2.73266500000000e+01  2.64927660000000e+01  1.15774680000000e+00 -5.10669200000000e+01 -1.37731270000000e+02 -2.11095530000000e+02 -2.26942360000000e+02 -8.25961690000000e+01 -3.29205020000000e+01 
 1.57752290000000e-01 -1.57335180000000e+01  2.21634510000000e+02  2.77329740000000e+01  2.96186640000000e+01  1.17414430000000e+00 -5.17670260000000e+01 -1.40133400000000e+02 -2.13761890000000e+02 -2.27488780000000e+02 -8.00879300000000e+01 -2.16869940000000e+01 
 1.58664630000000e-01 -1.57627580000000e+01  2.27246700000000e+02  2.78654980000000e+01  3.07472830000000e+01  1.18347590000000e+00 -5.14636230000000e+01 -1.18541870000000e+02 -2.11492920000000e+02 -2.19931490000000e+02 -7.94380540000000e+01  5.07233110000000e+00 
 1.57096400000000e-01 -1.57471820000000e+01  2.33555980000000e+02  2.79236650000000e+01  2.77645030000000e+01  1.17855990000000e+00 -5.04175990000000e+01 -1.10950030000000e+02 -2.12717020000000e+02 -2.17094860000000e+02 -7.80855150000000e+01 -2.81184280000000e+01 
 1.58186980000000e-01 -1.57817720000000e+01  2.28689480000000e+02  2.81416220000000e+01  1.61277580000000e+01  1.15370510000000e+00 -5.06148470000000e+01 -6.90595080000000e+01 -2.06531690000000e+02 -2.21072270000000e+02 -7.83806170000000e+01 -4.24325000000000e+01 
 1.58291170000000e-01 -1.57764700000000e+01  2.24156220000000e+02  2.81847090000000e+01  1.99688520000000e+01  1.12170950000000e+00 -5.10383330000000e+01 -7.67571820000000e+01 -2.09571070000000e+02 -2.22928530000000e+02 -8.31149180000000e+01  1.57478240000000e+00 
 1.59113130000000e-01 -1.57906520000000e+01  2.21304660000000e+02  2.82563530000000e+01  2.28481730000000e+01  1.13637000000000e+00 -5.16895090000000e+01 -8.71062570000000e+01 -2.04707570000000e+02 -2.23947470000000e+02 -8.14840120000000e+01 -1.35535840000000e+01 
 1.58578970000000e-01 -1.57437890000000e+01  2.20409120000000e+02  2.74898070000000e+01  1.80768450000000e+01  1.13648710000000e+00 -5.02512560000000e+01 -1.11318510000000e+02 -2.07375610000000e+02 -2.18669300000000e+02 -8.03731730000000e+01 -4.32650850000000e+01 
 1.57222470000000e-01 -1.57525550000000e+01  2.30137580000000e+02  2.79383460000000e+01  1.72983180000000e+01  1.13937400000000e+00 -5.03089810000000e+01 -9.11043440000000e+01 -2.06859050000000e+02 -2.19672520000000e+02 -8.24665670000000e+01 -4.07032460000000e+01 
 1.56585350000000e-01 -1.57317490000000e+01  2.34017280000000e+02  2.76351530000000e+01  2.62291750000000e+01  1.13205460000000e+00 -4.93832070000000e+01 -1.31071040000000e+02 -2.07036100000000e+02 -2.17696940000000e+02 -8.25496490000000e+01 -5.87543040000000e+01 
 1.56560850000000e-01 -1.57410940000000e+01  2.27294010000000e+02  2.77305770000000e+01  2.09045840000000e+01  1.10070280000000e+00 -4.97408620000000e+01 -1.19310500000000e+02 -2.06577610000000e+02 -2.18993210000000e+02 -8.29975990000000e+01 -5.98697900000000e+01 
 1.57807500000000e-01 -1.57518940000000e+01  2.29964470000000e+02  2.79732160000000e+01  2.12249530000000e+01  1.13189790000000e+00 -4.87989470000000e+01 -1.08460990000000e+02 -2.09011170000000e+02 -2.23340570000000e+02 -7.92030040000000e+01 -6.88922550000000e+01 
 1.56410890000000e-01 -1.57445790000000e+01  2.39740780000000e+02  2.76357740000000e+01  2.44215780000000e+01  1.10579330000000e+00 -4.79431290000000e+01 -1.05695260000000e+02 -2.03541670000000e+02 -2.21113710000000e+02 -8.11883180000000e+01 -2.93260270000000e+01 
 1.56835060000000e-01 -1.57688040000000e+01  2.37199110000000e+02  2.77510470000000e+01  2.81653860000000e+01  1.10761020000000e+00 -4.83993930000000e+01 -1.53186290000000e+02 -2.07805210000000e+02 -2.17140000000000e+02 -8.09229340000000e+01 -7.56543840000000e+01 
 1.57802940000000e-01 -1.57859840000000e+01  2.38358130000000e+02  2.75508540000000e+01  2.97482050000000e+01  1.10500250000000e+00 -4.77049900000000e+01 -1.62743850000000e+02 -2.04856730000000e+02 -2.16726260000000e+02 -7.91390380000000e+01 -4.06456360000000e+01 
 1.57773070000000e-01 -1.57423150000000e+01  2.30418570000000e+02  2.78691680000000e+01  3.65599070000000e+01  1.10191150000000e+00 -4.77579350000000e+01 -1.37985710000000e+02 -1.98914180000000e+02 -2.17898630000000e+02 -7.98267750000000e+01  3.19956370000000e+00 
 1.56935170000000e-01 -1.57446260000000e+01  2.31862860000000e+02  2.76521850000000e+01  1.77163120000000e+01  1.08881830000000e+00 -4.74262720000000e+01 -9.45102130000000e+01 -2.02563150000000e+02 -2.15449320000000e+02 -7.85072870000000e+01 -2.84794040000000e+01 
 1.57820860000000e-01 -1.57193580000000e+01  2.24060600000000e+02  2.73583800000000e+01  1.90140350000000e+01  1.10237320000000e+00 -4.77331620000000e+01 -9.95104850000000e+01 -2.04389810000000e+02 -2.16520590000000e+02 -7.74650100000000e+01 -2.60321290000000e+01 
 1.57863110000000e-01 -1.57395550000000e+01  2.23983450000000e+02  2.77866680000000e+01  2.47574680000000e+01  1.08812100000000e+00 -4.79168720000000e+01 -1.28869390000000e+02 -2.02727270000000e+02 -2.18059060000000e+02 -7.91079430000000e+01 -7.54713440000000e+01 
 1.57736370000000e-01 -1.57047850000000e+01  2.19939010000000e+02  2.75711420000000e+01  2.73212630000000e+01  1.08470300000000e+00 -4.76650250000000e+01 -1.51199520000000e+02 -1.99461320000000e+02 -2.13120220000000e+02 -8.02347830000000e+01 -8.23769940000000e+01 
 1.57708670000000e-01 -1.56959880000000e+01  2.22369680000000e+02  2.73632360000000e+01  1.82256020000000e+01  1.12330120000000e+00 -4.87375800000000e+01 -1.06162280000000e+02 -2.03875580000000e+02 -2.22216450000000e+02 -8.12430260000000e+01 -3.91794990000000e+01 
 1.57981310000000e-01 -1.57382970000000e+01  2.21388140000000e+02  2.72790210000000e+01  1.61784200000000e+01  1.11866710000000e+00 -4.98191100000000e+01 -1.13032130000000e+02 -2.04667590000000e+02 -2.16195150000000e+02 -8.09652140000000e+01 -4.65255970000000e+01 
 1.58846500000000e-01 -1.57408720000000e+01  2.18045320000000e+02  2.73552040000000e+01  1.98105840000000e+01  1.10001770000000e+00 -4.99199930000000e+01 -1.16636580000000e+02 -2.03321030000000e+02 -2.18821470000000e+02 -8.32158540000000e+01 -2.32142050000000e+01 
 1.60104120000000e-01 -1.57596380000000e+01  2.14354270000000e+02  2.71356560000000e+01  1.80491790000000e+01  1.09028530000000e+00 -4.92480900000000e+01 -1.22793400000000e+02 -1.96447670000000e+02 -2.19102060000000e+02 -7.98585170000000e+01 -2.59796370000000e+01 
 1.59515800000000e-01 -1.57365120000000e+01  2.13424780000000e+02  2.71300450000000e+01  2.21176680000000e+01  1.09110710000000e+00 -4.91052740000000e+01 -1.45915780000000e+02 -1.95380680000000e+02 -2.15262670000000e+02 -8.10274710000000e+01 -2.80638090000000e+01 
 1.59795650000000e-01 -1.57302940000000e+01  2.08217080000000e+02  2.72677710000000e+01  2.28894790000000e+01  1.05844130000000e+00 -4.82361240000000e+01 -1.48455090000000e+02 -1.96471090000000e+02 -2.18143250000000e+02 -7.96276280000000e+01 -5.44965080000000e+01 
 1.60526560000000e-01 -1.57436060000000e+01  2.05934820000000e+02  2.76042270000000e+01  2.49824050000000e+01  1.04604790000000e+00 -4.76079230000000e+01 -1.53351570000000e+02 -1.95182580000000e+02 -2.11960080000000e+02 -7.79938240000000e+01 -4.86594270000000e+01 
 1.60706200000000e-01 -1.57439950000000e+01  2.01321390000000e+02  2.74309250000000e+01  2.53558660000000e+01  1.02209270000000e+00 -4.63953250000000e+01 -1.68067690000000e+02 -1.87026960000000e+02 -2.13151140000000e+02 -7.41179250000000e+01 -1.92820280000000e+01 
 1.60341560000000e-01 -1.57197730000000e+01  2.04207230000000e+02  2.70985320000000e+01  1.81203770000000e+01  1.04469660000000e+00 -4.69086130000000e+01 -1.30236120000000e+02 -1.90757100000000e+02 -2.19738560000000e+02 -7.61361700000000e+01 -2.29701370000000e+01 
 1.60208210000000e-01 -1.57371570000000e+01  2.08613470000000e+02  2.76412250000000e+01  2.23194130000000e+01  1.07953640000000e+00 -4.83953210000000e+01 -1.16196490000000e+02 -1.97498260000000e+02 -2.18519290000000e+02 -7.75986380000000e+01 -3.00017340000000e+01 
 1.60137970000000e-01 -1.57446590000000e+01  2.09876580000000e+02  2.74303570000000e+01  1.78082580000000e+01  1.09630020000000e+00 -4.94171240000000e+01 -1.19793520000000e+02 -2.01704980000000e+02 -2.14017820000000e+02 -7.85250850000000e+01 -6.06239000000000e+01 
 1.59018140000000e-01 -1.57209680000000e+01  2.12118730000000e+02  2.70552220000000e+01  1.78712820000000e+01  1.09607420000000e+00 -4.96877490000000e+01 -1.12050410000000e+02 -2.01735190000000e+02 -2.23945710000000e+02 -8.05858660000000e+01 -1.54045990000000e+01 
 1.59036090000000e-01 -1.57310310000000e+01  2.15497430000000e+02  2.79241810000000e+01  3.52410060000000e+01  1.12984180000000e+00 -4.98977380000000e+01 -1.74096070000000e+02 -2.08058690000000e+02 -2.27567640000000e+02 -7.90133030000000e+01 -8.81584270000000e+01 
 1.59588890000000e-01 -1.57184100000000e+01  2.11147150000000e+02  2.76445160000000e+01  4.27450850000000e+01  1.13641030000000e+00 -5.05801890000000e+01 -2.25137750000000e+02 -2.03850440000000e+02 -2.21576780000000e+02 -8.17788410000000e+01 -4.95168110000000e+01 
 1.60333840000000e-01 -1.57369810000000e+01  2.06847900000000e+02  2.76926980000000e+01  3.73281350000000e+01  1.14234370000000e+00 -5.15106730000000e+01 -2.07300150000000e+02 -2.08920550000000e+02 -2.26060790000000e+02 -8.04568090000000e+01 -7.18386480000000e+01 
 1.60960300000000e-01 -1.57420030000000e+01  2.02917910000000e+02  2.78282010000000e+01  4.25871350000000e+01  1.10253080000000e+00 -5.07813770000000e+01 -2.33783280000000e+02 -2.05951690000000e+02 -2.20407460000000e+02 -8.33945970000000e+01 -1.26390700000000e+01 
 1.60048900000000e-01 -1.57422350000000e+01  2.05121970000000e+02  2.87978550000000e+01  4.59075050000000e+01  1.12633070000000e+00 -5.24089860000000e+01 -1.98464930000000e+02 -2.03938550000000e+02 -2.18940680000000e+02 -8.44485170000000e+01 -8.16375700000000e+01 
 1.60941680000000e-01 -1.57692980000000e+01  2.06978680000000e+02  2.86655180000000e+01  4.33190100000000e+01  1.12651160000000e+00 -5.22081940000000e+01 -1.55525750000000e+02 -2.06433250000000e+02 -2.24132680000000e+02 -8.15661450000000e+01 -2.11882690000000e+01 
 1.60792360000000e-01 -1.57666200000000e+01  2.10230470000000e+02  2.85923040000000e+01  4.47770590000000e+01  1.15884070000000e+00 -5.25253280000000e+01 -1.74730160000000e+02 -2.11014490000000e+02 -2.18727600000000e+02 -8.17499410000000e+01 -1.89274750000000e+01 
 1.59714070000000e-01 -1.57521000000000e+01  2.14725220000000e+02  2.89055550000000e+01  5.48237560000000e+01  1.16435550000000e+00 -5.19752750000000e+01 -2.04006460000000e+02 -2.11960940000000e+02 -2.24243800000000e+02 -8.06631330000000e+01 -7.05502510000000e+01 
 1.59178940000000e-01 -1.57525880000000e+01  2.17471810000000e+02  2.87610010000000e+01  5.94647980000000e+01  1.19117280000000e+00 -5.24392700000000e+01 -2.21031850000000e+02 -2.14088260000000e+02 -2.27841610000000e+02 -7.73861990000000e+01 -6.27434150000000e+01 
 1.59421990000000e-01 -1.57667940000000e+01  2.16997530000000e+02  2.91958320000000e+01  5.18772210000000e+01  1.19201280000000e+00 -5.37703710000000e+01 -1.51213980000000e+02 -2.14026870000000e+02 -2.26432800000000e+02 -8.20937430000000e+01 -3.06436320000000e+01 
 1.58527930000000e-01 -1.57809440000000e+01  2.22367580000000e+02  2.93618440000000e+01  5.01993120000000e+01  1.21853180000000e+00 -5.52448460000000e+01 -1.44629140000000e+02 -2.15819560000000e+02 -2.29400720000000e+02 -8.31727660000000e+01 -6.89027540000000e+01 
 1.59954560000000e-01 -1.58024140000000e+01  2.15949020000000e+02  2.94031320000000e+01  4.67009740000000e+01  1.19883810000000e+00 -5.49966040000000e+01 -1.64979200000000e+02 -2.11839240000000e+02 -2.26148280000000e+02 -8.48111570000000e+01 -3.67045870000000e+01 
 1.60340840000000e-01 -1.57959020000000e+01  2.11865620000000e+02  3.00197720000000e+01  5.47625670000000e+01  1.24839850000000e+00 -5.72889100000000e+01 -1.58841170000000e+02 -2.18689870000000e+02 -2.27279970000000e+02 -8.44911440000000e+01 -4.34793180000000e+01 
 1.61293230000000e-01 -1.57962110000000e+01  2.06976660000000e+02  2.92151710000000e+01  4.92772520000000e+01  1.21951750000000e+00 -5.70194820000000e+01 -1.76726380000000e+02 -2.16980940000000e+02 -2.28613380000000e+02 -8.58739700000000e+01 -3.86069810000000e+01 
 1.61433730000000e-01 -1.57745090000000e+01  2.03716070000000e+02  2.87798870000000e+01  5.17235310000000e+01  1.22798830000000e+00 -5.64625840000000e+01 -2.27717410000000e+02 -2.17574060000000e+02 -2.26738630000000e+02 -8.47592000000000e+01 -2.85014210000000e+01 
 1.61206240000000e-01 -1.57547660000000e+01  2.00102620000000e+02  2.84961440000000e+01  4.93860260000000e+01  1.17512720000000e+00 -5.50547300000000e+01 -2.16134480000000e+02 -2.10696700000000e+02 -2.24733330000000e+02 -8.41222350000000e+01 -4.64492100000000e+01 
 1.61956840000000e-01 -1.57678990000000e+01  2.00157090000000e+02  2.84999040000000e+01  4.78298600000000e+01  1.19022560000000e+00 -5.48538360000000e+01 -2.00553140000000e+02 -2.08994270000000e+02 -2.28462730000000e+02 -8.15538010000000e+01  2.35612670000000e+00 
 1.61075790000000e-01 -1.57730320000000e+01  2.08466460000000e+02  2.83472830000000e+01  4.91360950000000e+01  1.19301150000000e+00 -5.35379230000000e+01 -2.37599390000000e+02 -2.17184870000000e+02 -2.17351250000000e+02 -8.07550400000000e+01 -5.53693650000000e+01 
 1.60577820000000e-01 -1.57840690000000e+01  2.10210050000000e+02  2.91918310000000e+01  4.92971370000000e+01  1.19180520000000e+00 -5.43193240000000e+01 -1.47495710000000e+02 -2.13018100000000e+02 -2.22304140000000e+02 -7.96844270000000e+01 -2.68992080000000e+01 
 1.61561540000000e-01 -1.57834000000000e+01  2.03446250000000e+02  2.91905170000000e+01  4.46857040000000e+01  1.16647810000000e+00 -5.45885280000000e+01 -1.50007090000000e+02 -2.10585730000000e+02 -2.29000140000000e+02 -8.30864530000000e+01 -3.91062850000000e+01 
 1.61701290000000e-01 -1.58062440000000e+01  2.03214920000000e+02  2.92513230000000e+01  4.79253770000000e+01  1.11013850000000e+00 -5.35244080000000e+01 -1.86178140000000e+02 -2.00234000000000e+02 -2.15867490000000e+02 -8.68917630000000e+01 -5.89110750000000e+00 
 1.61570430000000e-01 -1.58056470000000e+01  2.03072190000000e+02  2.92923130000000e+01  4.94801540000000e+01  1.10572890000000e+00 -5.19594500000000e+01 -1.82767840000000e+02 -2.04442120000000e+02 -2.14569770000000e+02 -7.91334680000000e+01 -3.48882980000000e+01 
 1.61556760000000e-01 -1.57998130000000e+01  2.02671870000000e+02  2.92378990000000e+01  5.31471700000000e+01  1.08459880000000e+00 -5.04220260000000e+01 -2.27769850000000e+02 -2.00542380000000e+02 -2.12561920000000e+02 -7.90264630000000e+01 -2.90383280000000e+01 
 1.61711580000000e-01 -1.57944500000000e+01  2.01877670000000e+02  2.97789400000000e+01  6.28747210000000e+01  1.10736490000000e+00 -5.24557360000000e+01 -2.28844560000000e+02 -2.03772580000000e+02 -2.14768580000000e+02 -8.25035580000000e+01 -2.86050850000000e+01 
 1.61363420000000e-01 -1.57748390000000e+01  2.04208890000000e+02  2.89484430000000e+01  4.73493940000000e+01  1.16367940000000e+00 -5.42919370000000e+01 -1.82664910000000e+02 -2.12002160000000e+02 -2.25755100000000e+02 -8.45249070000000e+01 -3.66804690000000e+01 
 1.60354330000000e-01 -1.57514850000000e+01  2.06756810000000e+02  2.86720520000000e+01  5.34738070000000e+01  1.18499460000000e+00 -5.43809660000000e+01 -2.36378870000000e+02 -2.11715120000000e+02 -2.29477120000000e+02 -8.47409180000000e+01 -2.57872280000000e+01 
 1.59940730000000e-01 -1.57584760000000e+01  2.06486170000000e+02  2.82427650000000e+01  3.95282550000000e+01  1.19529640000000e+00 -5.58448980000000e+01 -1.96693580000000e+02 -2.17408560000000e+02 -2.22596780000000e+02 -8.63330840000000e+01 -4.39303590000000e+01 
 1.60679970000000e-01 -1.57917480000000e+01  2.11521500000000e+02  2.97533390000000e+01  6.42621690000000e+01  1.20296440000000e+00 -5.51906070000000e+01 -2.25211900000000e+02 -2.12701590000000e+02 -2.25995510000000e+02 -8.44993830000000e+01 -4.06214880000000e+01 
 1.61128520000000e-01 -1.57962370000000e+01  2.11537490000000e+02  2.84647380000000e+01  4.19736680000000e+01  1.18173630000000e+00 -5.50482820000000e+01 -1.63694920000000e+02 -2.13714570000000e+02 -2.27897670000000e+02 -8.53867080000000e+01 -2.73243430000000e+01 
 1.60766040000000e-01 -1.57782230000000e+01  2.08299930000000e+02  2.85146820000000e+01  3.67325910000000e+01  1.18858130000000e+00 -5.57567470000000e+01 -1.57844510000000e+02 -2.17722480000000e+02 -2.27473450000000e+02 -8.71998540000000e+01 -4.03530050000000e+01 
 1.61143180000000e-01 -1.57714510000000e+01  2.08401400000000e+02  2.82549690000000e+01  3.12430120000000e+01  1.18338100000000e+00 -5.47807960000000e+01 -1.18752310000000e+02 -2.10688900000000e+02 -2.21945690000000e+02 -8.56123070000000e+01 -5.37789270000000e+00 
 1.61036940000000e-01 -1.57569870000000e+01  2.07660050000000e+02  2.73456650000000e+01  1.62882680000000e+01  1.18373860000000e+00 -5.36602160000000e+01 -1.27275770000000e+02 -2.18630590000000e+02 -2.25960170000000e+02 -8.29637220000000e+01 -2.38599320000000e+01 
 1.60401960000000e-01 -1.57224970000000e+01  2.08246590000000e+02  2.71960620000000e+01  2.68904060000000e+01  1.17568650000000e+00 -5.25255060000000e+01 -1.33847030000000e+02 -2.17856610000000e+02 -2.27875330000000e+02 -8.09097040000000e+01  5.11014780000000e+00 
 1.58121960000000e-01 -1.57182260000000e+01  2.19760780000000e+02  2.70097650000000e+01  3.09760350000000e+01  1.16646650000000e+00 -5.19437830000000e+01 -1.76743280000000e+02 -2.09366830000000e+02 -2.23744490000000e+02 -8.34575740000000e+01 -1.44308400000000e+01 
 1.59253610000000e-01 -1.57537430000000e+01  2.20145780000000e+02  2.74052410000000e+01  3.53666260000000e+01  1.15099960000000e+00 -5.02132290000000e+01 -1.89977290000000e+02 -2.00997370000000e+02 -2.28036030000000e+02 -7.83448110000000e+01 -3.12896970000000e+01 
 1.59114870000000e-01 -1.57382430000000e+01  2.18822040000000e+02  2.78379710000000e+01  2.74508590000000e+01  1.13904490000000e+00 -4.96255760000000e+01 -1.33462290000000e+02 -2.06510560000000e+02 -2.16301750000000e+02 -7.83643410000000e+01 -6.39817230000000e+01 
 1.60056570000000e-01 -1.57658820000000e+01  2.16346920000000e+02  2.79627740000000e+01  4.14568240000000e+01  1.12908540000000e+00 -5.05453350000000e+01 -1.75535500000000e+02 -2.02178980000000e+02 -2.14750470000000e+02 -8.02960210000000e+01  1.35636100000000e+01 
 1.60453800000000e-01 -1.57767300000000e+01  2.12810540000000e+02  2.79417350000000e+01  3.91978160000000e+01  1.13553010000000e+00 -5.18766880000000e+01 -1.91157780000000e+02 -2.08994810000000e+02 -2.21864860000000e+02 -8.27448870000000e+01 -3.22841970000000e+01 
 1.59765480000000e-01 -1.57435970000000e+01  2.11495660000000e+02  2.83963700000000e+01  2.96950630000000e+01  1.13036670000000e+00 -5.15459070000000e+01 -1.08822250000000e+02 -2.06930310000000e+02 -2.24421590000000e+02 -8.28318510000000e+01 -4.35123030000000e+01 
 1.59506240000000e-01 -1.57581340000000e+01  2.13385590000000e+02  2.76574210000000e+01  3.22310870000000e+01  1.15197280000000e+00 -5.22437540000000e+01 -1.53944040000000e+02 -2.05407270000000e+02 -2.23795290000000e+02 -8.01267980000000e+01 -2.86746550000000e+01 
 1.59970390000000e-01 -1.57839020000000e+01  2.10240170000000e+02  2.84753990000000e+01  3.33299700000000e+01  1.15442330000000e+00 -5.28708710000000e+01 -1.46227710000000e+02 -2.11033470000000e+02 -2.28207220000000e+02 -7.91260140000000e+01 -6.67458580000000e+01 
 1.59885450000000e-01 -1.57843870000000e+01  2.11726160000000e+02  2.86999540000000e+01  4.30553290000000e+01  1.10167730000000e+00 -5.16558190000000e+01 -1.65637210000000e+02 -2.02372590000000e+02 -2.17044250000000e+02 -8.37165340000000e+01  5.03114180000000e+00 
 1.60499410000000e-01 -1.57759410000000e+01  2.07731810000000e+02  2.84127320000000e+01  5.04476950000000e+01  1.08807930000000e+00 -5.11907040000000e+01 -2.34387810000000e+02 -2.07379620000000e+02 -2.17714870000000e+02 -8.37614360000000e+01 -2.30036320000000e+01 
 1.60925730000000e-01 -1.57470600000000e+01  2.02508570000000e+02  2.81646940000000e+01  3.90227800000000e+01  1.09071990000000e+00 -4.98563600000000e+01 -2.11981150000000e+02 -2.02757120000000e+02 -2.16619860000000e+02 -7.99959860000000e+01 -8.78651890000000e+01 
 1.60604530000000e-01 -1.57483710000000e+01  2.01762810000000e+02  2.86282190000000e+01  4.55031310000000e+01  1.06752130000000e+00 -5.00552610000000e+01 -2.25198640000000e+02 -1.97212960000000e+02 -2.12756210000000e+02 -8.28014560000000e+01 -6.98187730000000e+01 
 1.60744530000000e-01 -1.57639020000000e+01  2.06773150000000e+02  2.85034990000000e+01  4.55384620000000e+01  1.06883050000000e+00 -4.93510030000000e+01 -2.18064770000000e+02 -1.98510640000000e+02 -2.11872720000000e+02 -8.12786260000000e+01 -5.87694130000000e+01 
 1.60272970000000e-01 -1.57884580000000e+01  2.07256750000000e+02  2.90284480000000e+01  5.37206350000000e+01  1.06230990000000e+00 -5.03833470000000e+01 -2.22400150000000e+02 -1.97134140000000e+02 -2.13504850000000e+02 -8.26830050000000e+01 -6.78238770000000e+00 
 1.60864320000000e-01 -1.57695340000000e+01  2.07086500000000e+02  2.91559440000000e+01  5.45775390000000e+01  1.09024010000000e+00 -5.03503340000000e+01 -1.97306090000000e+02 -1.98894680000000e+02 -2.19631150000000e+02 -8.05259700000000e+01 -4.04984830000000e+01 
 1.60296960000000e-01 -1.57864080000000e+01  2.09634460000000e+02  2.91751050000000e+01  5.38968060000000e+01  1.09053440000000e+00 -5.02026470000000e+01 -2.29198290000000e+02 -1.99570020000000e+02 -2.15243200000000e+02 -8.12609560000000e+01 -3.61009520000000e+01 
 1.60898530000000e-01 -1.57705600000000e+01  2.00156470000000e+02  2.89846130000000e+01  4.54817710000000e+01  1.08830540000000e+00 -5.09055240000000e+01 -1.87201910000000e+02 -1.98229740000000e+02 -2.19160910000000e+02 -7.88087040000000e+01 -4.78175170000000e+01 
 1.60984830000000e-01 -1.57475810000000e+01  2.01950380000000e+02  2.85961650000000e+01  5.32674910000000e+01  1.08380470000000e+00 -5.01079850000000e+01 -2.38139030000000e+02 -1.98876860000000e+02 -2.15702520000000e+02 -7.98350080000000e+01 -7.15606950000000e+01 
 1.61261110000000e-01 -1.57680380000000e+01  2.06425100000000e+02  2.81568180000000e+01  4.23826920000000e+01  1.05840210000000e+00 -4.83169070000000e+01 -2.03455860000000e+02 -1.94064910000000e+02 -2.13262330000000e+02 -7.83315660000000e+01 -4.90302120000000e+01 
 1.60600820000000e-01 -1.57658600000000e+01  2.06118530000000e+02  2.81701230000000e+01  3.89410580000000e+01  1.05206700000000e+00 -4.80422180000000e+01 -1.84913930000000e+02 -1.95576260000000e+02 -2.08689230000000e+02 -7.61874350000000e+01 -4.79391430000000e+01 
 1.60638590000000e-01 -1.57689630000000e+01  2.05925310000000e+02  2.88123380000000e+01  4.72497450000000e+01  1.05348270000000e+00 -4.88837300000000e+01 -1.86556310000000e+02 -1.94205130000000e+02 -2.12450130000000e+02 -7.83833320000000e+01 -4.96344540000000e+01 
 1.59532760000000e-01 -1.57722460000000e+01  2.07765810000000e+02  2.96526890000000e+01  4.61063330000000e+01  1.03487360000000e+00 -4.86580060000000e+01 -1.40564950000000e+02 -1.93181920000000e+02 -2.21895000000000e+02 -7.92271180000000e+01 -4.53495580000000e+01 
 1.60351160000000e-01 -1.57925190000000e+01  2.09155810000000e+02  2.88514870000000e+01  5.08771580000000e+01  1.06680860000000e+00 -4.91507320000000e+01 -1.98496500000000e+02 -1.94290240000000e+02 -2.08647920000000e+02 -7.60001950000000e+01 -1.85780100000000e+01 
 1.59710950000000e-01 -1.57833740000000e+01  2.14810280000000e+02  2.88408950000000e+01  5.00728960000000e+01  1.05208100000000e+00 -4.76951480000000e+01 -1.97147750000000e+02 -1.97178500000000e+02 -2.09918760000000e+02 -7.73333220000000e+01 -3.53722750000000e+01 
 1.58676610000000e-01 -1.57820230000000e+01  2.16240640000000e+02  2.95030640000000e+01  5.30748980000000e+01  1.02961490000000e+00 -4.83034060000000e+01 -1.81925290000000e+02 -1.90052870000000e+02 -2.10626170000000e+02 -8.06444680000000e+01 -8.08120940000000e+01 
 1.59644340000000e-01 -1.57989270000000e+01  2.12404460000000e+02  2.91818230000000e+01  5.23288980000000e+01  1.04480080000000e+00 -4.81206570000000e+01 -2.17164550000000e+02 -1.93676620000000e+02 -2.11161140000000e+02 -7.69925030000000e+01 -5.00452590000000e+01 
 1.60057680000000e-01 -1.57682090000000e+01  2.12792560000000e+02  2.87380850000000e+01  5.07323990000000e+01  1.06911840000000e+00 -4.74907470000000e+01 -2.03525980000000e+02 -1.95784840000000e+02 -2.12163950000000e+02 -7.50114390000000e+01 -4.75355890000000e+01 
 1.59119410000000e-01 -1.57779490000000e+01  2.18043850000000e+02  2.98400680000000e+01  6.02159020000000e+01  1.04007040000000e+00 -4.70207380000000e+01 -1.93531260000000e+02 -1.94289900000000e+02 -2.06930810000000e+02 -7.78584730000000e+01 -6.21905370000000e+01 
 1.58867760000000e-01 -1.57767200000000e+01  2.19112220000000e+02  2.93281790000000e+01  5.41686030000000e+01  1.02696710000000e+00 -4.58765190000000e+01 -2.11775060000000e+02 -1.93236460000000e+02 -2.09988810000000e+02 -7.63900810000000e+01 -7.73652850000000e+01 
 1.60522890000000e-01 -1.58102670000000e+01  2.10471520000000e+02  2.97762060000000e+01  5.65558440000000e+01  9.79889460000000e-01 -4.65386940000000e+01 -2.05973200000000e+02 -1.82218640000000e+02 -2.03729240000000e+02 -7.89183970000000e+01 -5.85612400000000e+01 
 1.60100620000000e-01 -1.58058270000000e+01  2.10128410000000e+02  2.92404540000000e+01  5.53210030000000e+01  1.01382900000000e+00 -4.75004480000000e+01 -2.14949260000000e+02 -1.88265230000000e+02 -2.07430810000000e+02 -7.62226140000000e+01 -5.82079580000000e+00 
 1.60313980000000e-01 -1.58124910000000e+01  2.09850430000000e+02  2.96719120000000e+01  5.05828110000000e+01  9.93174430000000e-01 -4.69165850000000e+01 -1.97055040000000e+02 -1.85578170000000e+02 -2.03611960000000e+02 -7.83166670000000e+01 -6.05646870000000e+01 
 1.59575820000000e-01 -1.57954900000000e+01  2.15779680000000e+02  2.94749540000000e+01  5.68645970000000e+01  1.00761690000000e+00 -4.60986920000000e+01 -1.97084240000000e+02 -1.85347050000000e+02 -2.10943120000000e+02 -7.63135650000000e+01 -1.36642360000000e+01 
 1.59783980000000e-01 -1.58089380000000e+01  2.18216540000000e+02  2.96731230000000e+01  6.05273920000000e+01  1.03650030000000e+00 -4.67713810000000e+01 -2.09574130000000e+02 -1.91687160000000e+02 -2.10100940000000e+02 -7.63470140000000e+01 -3.60056460000000e+01 
 1.58927600000000e-01 -1.57795310000000e+01  2.17886140000000e+02  2.98388120000000e+01  6.05546320000000e+01  1.05095650000000e+00 -4.72693010000000e+01 -1.88640320000000e+02 -1.92956530000000e+02 -2.11829050000000e+02 -7.57337380000000e+01 -6.74558710000000e+01 
 1.58786300000000e-01 -1.57540090000000e+01  2.14778030000000e+02  2.87578490000000e+01  4.78193150000000e+01  1.03852050000000e+00 -4.69379810000000e+01 -1.93827640000000e+02 -1.94726620000000e+02 -2.05336260000000e+02 -7.81530620000000e+01 -3.09608390000000e+01 
 1.59032050000000e-01 -1.57597080000000e+01  2.16883670000000e+02  2.80157600000000e+01  3.30621800000000e+01  1.05056810000000e+00 -4.83709590000000e+01 -1.52639200000000e+02 -1.99119520000000e+02 -2.17474740000000e+02 -8.26324590000000e+01 -1.17118160000000e+01 
 1.58020120000000e-01 -1.57401290000000e+01  2.22762690000000e+02  2.76135940000000e+01  2.75453490000000e+01  1.06298830000000e+00 -4.73448120000000e+01 -1.48477400000000e+02 -1.95923870000000e+02 -2.10815340000000e+02 -8.00104070000000e+01 -4.02926820000000e+01 
 1.58842080000000e-01 -1.57570410000000e+01  2.21392900000000e+02  2.72596420000000e+01  1.61539900000000e+01  1.08632860000000e+00 -4.75070840000000e+01 -1.03606470000000e+02 -2.00552690000000e+02 -2.14931790000000e+02 -7.58248910000000e+01 -1.40619580000000e-01 
 1.59802760000000e-01 -1.57607910000000e+01  2.16822590000000e+02  2.71739690000000e+01  1.69508420000000e+01  1.05176230000000e+00 -4.63395430000000e+01 -1.18111630000000e+02 -1.93105780000000e+02 -2.17712270000000e+02 -7.48714900000000e+01 -1.77563520000000e+01 
 1.59112700000000e-01 -1.57355820000000e+01  2.15586290000000e+02  2.73152870000000e+01  1.74983010000000e+01  1.02618650000000e+00 -4.72029380000000e+01 -9.98982330000000e+01 -1.87640280000000e+02 -2.11774150000000e+02 -8.18175310000000e+01 -1.50285950000000e+01 
 1.58508860000000e-01 -1.57237290000000e+01  2.19456790000000e+02  2.72424200000000e+01  1.98404310000000e+01  1.08492320000000e+00 -4.74439430000000e+01 -1.10098210000000e+02 -1.95463570000000e+02 -2.17110540000000e+02 -7.63417930000000e+01 -2.48805570000000e+01 
 1.57999680000000e-01 -1.57203080000000e+01  2.20088460000000e+02  2.73261620000000e+01  1.90779070000000e+01  1.08931360000000e+00 -4.87440880000000e+01 -1.13911530000000e+02 -2.00775350000000e+02 -2.15633990000000e+02 -8.16486090000000e+01 -3.90651940000000e+01 
 1.57232090000000e-01 -1.57221250000000e+01  2.25640720000000e+02  2.70691470000000e+01  1.60453500000000e+01  1.10801290000000e+00 -4.90833140000000e+01 -1.24904260000000e+02 -2.05283350000000e+02 -2.21629540000000e+02 -8.22881890000000e+01 -4.97578470000000e+01 
 1.58490570000000e-01 -1.57476500000000e+01  2.20698970000000e+02  2.80233450000000e+01  2.77813810000000e+01  1.10264460000000e+00 -4.90821640000000e+01 -1.14576700000000e+02 -2.04253160000000e+02 -2.16272080000000e+02 -8.01881300000000e+01 -2.72087750000000e+01 
 1.59698170000000e-01 -1.57438000000000e+01  2.15257410000000e+02  2.73869750000000e+01  1.56364220000000e+01  1.10580450000000e+00 -4.88685520000000e+01 -8.66484060000000e+01 -2.03702770000000e+02 -2.18839960000000e+02 -7.60338370000000e+01 -3.52445580000000e+01 
 1.58308840000000e-01 -1.57346490000000e+01  2.19829490000000e+02  2.73975510000000e+01  2.78502480000000e+01  1.13129580000000e+00 -4.96376880000000e+01 -1.50497310000000e+02 -2.05911180000000e+02 -2.16785260000000e+02 -7.78435720000000e+01 -4.87034280000000e+01 
 1.59247100000000e-01 -1.57279840000000e+01  2.13105020000000e+02  2.73542160000000e+01  2.60489430000000e+01  1.14447620000000e+00 -5.04215740000000e+01 -1.42374540000000e+02 -2.08352470000000e+02 -2.28871610000000e+02 -7.75614380000000e+01 -2.55028170000000e+01 
 1.59469820000000e-01 -1.57451390000000e+01  2.14663530000000e+02  2.75386240000000e+01  2.93605470000000e+01  1.11767280000000e+00 -5.02327380000000e+01 -1.50880280000000e+02 -2.01529660000000e+02 -2.17312170000000e+02 -8.05047820000000e+01 -3.86465800000000e+01 
 1.59774100000000e-01 -1.57339970000000e+01  2.10901020000000e+02  2.74959380000000e+01  2.04441540000000e+01  1.10622970000000e+00 -4.99965560000000e+01 -1.23744520000000e+02 -2.04514230000000e+02 -2.22657850000000e+02 -8.06192650000000e+01 -5.01716330000000e+01 
 1.60664780000000e-01 -1.57453850000000e+01  2.07042040000000e+02  2.73887880000000e+01  2.47454860000000e+01  1.11388680000000e+00 -5.01397580000000e+01 -1.39170670000000e+02 -1.99745700000000e+02 -2.21778640000000e+02 -7.80530060000000e+01 -7.43752640000000e+00 
 1.61587280000000e-01 -1.57537520000000e+01  2.01440150000000e+02  2.71851630000000e+01  2.42449770000000e+01  1.10813010000000e+00 -5.07114670000000e+01 -1.56018940000000e+02 -2.01680320000000e+02 -2.21994770000000e+02 -7.85252420000000e+01 -1.46343280000000e+01 
 1.61679210000000e-01 -1.57720080000000e+01  2.05402700000000e+02  2.76420680000000e+01  3.89393850000000e+01  1.11558900000000e+00 -5.15359010000000e+01 -2.32169210000000e+02 -2.01969440000000e+02 -2.23310330000000e+02 -8.31134060000000e+01 -8.40577340000000e+01 
 1.61997340000000e-01 -1.57663730000000e+01  2.01536320000000e+02  2.79443820000000e+01  3.56660430000000e+01  1.10982970000000e+00 -5.12103810000000e+01 -1.93322350000000e+02 -2.06091670000000e+02 -2.20757830000000e+02 -8.12582880000000e+01 -3.94089970000000e+01 
 1.61381940000000e-01 -1.57300720000000e+01  2.01031510000000e+02  2.78078990000000e+01  4.13065390000000e+01  1.12247670000000e+00 -5.07712600000000e+01 -2.15899790000000e+02 -2.07654580000000e+02 -2.24810710000000e+02 -7.95491240000000e+01 -5.48639530000000e+01 
 1.61527760000000e-01 -1.57476200000000e+01  2.04952410000000e+02  2.76600320000000e+01  3.89510140000000e+01  1.15977640000000e+00 -5.22079170000000e+01 -1.89588750000000e+02 -2.05818220000000e+02 -2.26958360000000e+02 -7.92370360000000e+01 -4.37836720000000e+01 
 1.61226530000000e-01 -1.57619410000000e+01  2.03487020000000e+02  2.83943740000000e+01  4.21824590000000e+01  1.12221450000000e+00 -5.07446120000000e+01 -1.87367920000000e+02 -2.01471330000000e+02 -2.23519560000000e+02 -7.59783540000000e+01 -5.72851700000000e+01 
 1.61793280000000e-01 -1.57798340000000e+01  2.01422380000000e+02  2.87793470000000e+01  5.00970890000000e+01  1.10300380000000e+00 -5.08857510000000e+01 -2.34570970000000e+02 -2.03036190000000e+02 -2.15816490000000e+02 -7.93330820000000e+01 -7.34339890000000e+01 
 1.61536520000000e-01 -1.57632040000000e+01  2.00752500000000e+02  2.85219940000000e+01  4.95892270000000e+01  1.10900270000000e+00 -5.17914810000000e+01 -2.16695570000000e+02 -2.04739080000000e+02 -2.17174490000000e+02 -8.25010930000000e+01 -7.42202340000000e+00 
 1.61186580000000e-01 -1.57339440000000e+01  2.01673920000000e+02  2.82013020000000e+01  4.85535430000000e+01  1.14608260000000e+00 -5.27130110000000e+01 -2.29072040000000e+02 -2.04055270000000e+02 -2.28672770000000e+02 -8.47321580000000e+01 -1.54752750000000e+01 
 1.62403650000000e-01 -1.57609900000000e+01  2.02099460000000e+02  2.77074980000000e+01  4.14847870000000e+01  1.17231760000000e+00 -5.27388060000000e+01 -2.25530370000000e+02 -2.16778410000000e+02 -2.22273020000000e+02 -7.98473770000000e+01 -2.01384270000000e+01 
 1.60671820000000e-01 -1.57671550000000e+01  2.05928620000000e+02  2.79455040000000e+01  4.22648710000000e+01  1.17258460000000e+00 -5.33505260000000e+01 -2.20040110000000e+02 -2.14626080000000e+02 -2.25842580000000e+02 -8.01375110000000e+01 -2.32289530000000e+01 
 1.59694740000000e-01 -1.57436680000000e+01  2.13260110000000e+02  2.88552850000000e+01  4.82467030000000e+01  1.15422700000000e+00 -5.12876150000000e+01 -1.53194320000000e+02 -2.09660520000000e+02 -2.27129900000000e+02 -7.80687040000000e+01 -4.93590410000000e+01 
 1.58821770000000e-01 -1.57554620000000e+01  2.16101200000000e+02  2.90648250000000e+01  3.94282210000000e+01  1.13083950000000e+00 -5.12418760000000e+01 -1.35160960000000e+02 -2.08760770000000e+02 -2.25100130000000e+02 -8.19063730000000e+01 -8.43007600000000e+01 
 1.58177450000000e-01 -1.57621310000000e+01  2.20550080000000e+02  2.93740110000000e+01  3.81762300000000e+01  1.15779940000000e+00 -5.23219210000000e+01 -8.99991530000000e+01 -2.10880130000000e+02 -2.23308150000000e+02 -8.18726810000000e+01 -1.22060980000000e+01 
 1.58297510000000e-01 -1.57695320000000e+01  2.18847880000000e+02  2.88210860000000e+01  2.80914820000000e+01  1.12352670000000e+00 -5.20604160000000e+01 -9.79157730000000e+01 -2.02298310000000e+02 -2.21832340000000e+02 -8.49448940000000e+01 -7.05366540000000e+01 
 1.58972910000000e-01 -1.57505290000000e+01  2.15720440000000e+02  2.81281850000000e+01  2.46423320000000e+01  1.17364890000000e+00 -5.39525480000000e+01 -1.04926570000000e+02 -2.13721990000000e+02 -2.27967830000000e+02 -8.63106490000000e+01 -3.08433170000000e+01 
 1.59332860000000e-01 -1.57554980000000e+01  2.17883230000000e+02  2.74540570000000e+01  2.15374430000000e+01  1.20686900000000e+00 -5.34154920000000e+01 -1.33919570000000e+02 -2.17246150000000e+02 -2.28482790000000e+02 -8.06228800000000e+01 -4.40365640000000e+01 
 1.59001550000000e-01 -1.57240760000000e+01  2.15990810000000e+02  2.72455530000000e+01  2.04938870000000e+01  1.19109010000000e+00 -5.26360380000000e+01 -1.19257280000000e+02 -2.11664620000000e+02 -2.23286190000000e+02 -8.07976890000000e+01 -3.74818500000000e+01 
 1.59576300000000e-01 -1.57365600000000e+01  2.15795390000000e+02  2.73384260000000e+01  1.78150040000000e+01  1.17573520000000e+00 -5.13250680000000e+01 -1.08235920000000e+02 -2.11021150000000e+02 -2.22491270000000e+02 -7.83756100000000e+01 -4.44630360000000e+01 
 1.59925110000000e-01 -1.57614190000000e+01  2.16990280000000e+02  2.77305980000000e+01  2.04219680000000e+01  1.17554470000000e+00 -5.25145090000000e+01 -1.04374300000000e+02 -2.08939430000000e+02 -2.20977910000000e+02 -8.23807840000000e+01 -2.58684550000000e+01 
 1.59821930000000e-01 -1.57290150000000e+01  2.08965090000000e+02  2.73668780000000e+01  2.06461680000000e+01  1.16980520000000e+00 -5.29216450000000e+01 -1.19597920000000e+02 -2.10640330000000e+02 -2.26954260000000e+02 -8.29739390000000e+01  1.19416360000000e+00 
 1.59481840000000e-01 -1.57398130000000e+01  2.14120250000000e+02  2.75371420000000e+01  2.83437870000000e+01  1.15415800000000e+00 -5.06388260000000e+01 -1.42896450000000e+02 -2.09016440000000e+02 -2.23638610000000e+02 -7.67443400000000e+01 -3.34272640000000e+01 
 1.58260500000000e-01 -1.57195090000000e+01  2.18865210000000e+02  2.72911950000000e+01  2.34981930000000e+01  1.14730220000000e+00 -5.01234430000000e+01 -1.27974350000000e+02 -2.05604140000000e+02 -2.22765260000000e+02 -7.75061780000000e+01 -4.80043650000000e+01 
 1.58098050000000e-01 -1.57233970000000e+01  2.24030430000000e+02  2.73514190000000e+01  3.21659510000000e+01  1.15392180000000e+00 -5.06309870000000e+01 -1.78358260000000e+02 -2.17515550000000e+02 -2.19599200000000e+02 -8.30405000000000e+01 -6.39828490000000e+01 
 1.59608050000000e-01 -1.57290380000000e+01  2.16058080000000e+02  2.71761960000000e+01  3.79535870000000e+01  1.15211550000000e+00 -4.98964380000000e+01 -2.12277580000000e+02 -2.13344300000000e+02 -2.22928290000000e+02 -7.70275330000000e+01 -7.48557840000000e+01 
 1.59616050000000e-01 -1.57212670000000e+01  2.14148930000000e+02  2.70045530000000e+01  3.50037720000000e+01  1.12426750000000e+00 -4.99913930000000e+01 -2.04471280000000e+02 -2.10335990000000e+02 -2.28846540000000e+02 -8.09205680000000e+01 -6.31959090000000e+01 
 1.59207790000000e-01 -1.57372040000000e+01  2.17043840000000e+02  2.80620730000000e+01  3.82222070000000e+01  1.17390110000000e+00 -5.13310820000000e+01 -1.61626100000000e+02 -2.10283100000000e+02 -2.24109670000000e+02 -7.89043190000000e+01 -5.57409000000000e+01 
 1.58330890000000e-01 -1.57390520000000e+01  2.19370200000000e+02  2.76551580000000e+01  3.66973560000000e+01  1.15715050000000e+00 -5.07983000000000e+01 -1.63405460000000e+02 -2.08653150000000e+02 -2.22083790000000e+02 -7.76230410000000e+01  5.45594230000000e+00 
 1.58465540000000e-01 -1.57426680000000e+01  2.20780720000000e+02  2.75147280000000e+01  3.80264930000000e+01  1.11754480000000e+00 -5.01524320000000e+01 -1.93753880000000e+02 -2.02293280000000e+02 -2.21805530000000e+02 -8.29512730000000e+01 -4.36427130000000e+01 
 1.58159110000000e-01 -1.57438020000000e+01  2.20174960000000e+02  2.82343060000000e+01  4.49893830000000e+01  1.09472730000000e+00 -5.03566460000000e+01 -2.00100170000000e+02 -2.07334090000000e+02 -2.16746290000000e+02 -8.55866050000000e+01 -7.91616610000000e+01 
 1.58510630000000e-01 -1.57344520000000e+01  2.21311380000000e+02  2.82142980000000e+01  4.01616240000000e+01  1.11931020000000e+00 -4.97589270000000e+01 -1.63664200000000e+02 -2.03634910000000e+02 -2.21068350000000e+02 -8.36727300000000e+01 -3.13544020000000e+01 
 1.57480130000000e-01 -1.57536020000000e+01  2.25982250000000e+02  2.80672980000000e+01  3.88669230000000e+01  1.16261460000000e+00 -5.13667410000000e+01 -1.81810750000000e+02 -2.07146790000000e+02 -2.23812150000000e+02 -8.22030550000000e+01 -3.57745030000000e+01 
 1.58457050000000e-01 -1.57792250000000e+01  2.25933520000000e+02  2.85958190000000e+01  4.47282990000000e+01  1.16714050000000e+00 -5.06686800000000e+01 -1.78297110000000e+02 -2.15670390000000e+02 -2.28829580000000e+02 -7.67888260000000e+01 -6.31166430000000e+01 
 1.56978430000000e-01 -1.57467840000000e+01  2.27303120000000e+02  2.84281450000000e+01  4.00748760000000e+01  1.13304720000000e+00 -4.95167530000000e+01 -1.67873770000000e+02 -2.02265570000000e+02 -2.11806090000000e+02 -7.93665590000000e+01 -3.91920580000000e+01 
 1.57720500000000e-01 -1.57446210000000e+01  2.25782100000000e+02  2.80156790000000e+01  3.90796550000000e+01  1.13759510000000e+00 -4.99923310000000e+01 -1.55111450000000e+02 -2.08390960000000e+02 -2.10996160000000e+02 -7.96527610000000e+01 -2.24069310000000e+01 
 1.59494310000000e-01 -1.57827830000000e+01  2.20518090000000e+02  2.86060270000000e+01  3.03839010000000e+01  1.07936750000000e+00 -4.79271060000000e+01 -1.07730190000000e+02 -1.98512820000000e+02 -2.18288010000000e+02 -7.54989830000000e+01 -7.83588470000000e+01 
 1.59706410000000e-01 -1.57762570000000e+01  2.14952630000000e+02  2.87497060000000e+01  3.21081150000000e+01  1.05481120000000e+00 -4.77063160000000e+01 -8.93187520000000e+01 -1.97666540000000e+02 -2.14692700000000e+02 -7.54692180000000e+01 -1.76962230000000e+01 
 1.59159200000000e-01 -1.57939480000000e+01  2.17115780000000e+02  2.92297290000000e+01  4.01059740000000e+01  1.05547800000000e+00 -4.79240970000000e+01 -1.25134520000000e+02 -1.94198230000000e+02 -2.12960000000000e+02 -7.59028160000000e+01 -3.87027110000000e+01 
 1.58449790000000e-01 -1.57774810000000e+01  2.21637990000000e+02  2.89615760000000e+01  2.81064830000000e+01  1.03896850000000e+00 -4.65412910000000e+01 -7.17457560000000e+01 -1.87206010000000e+02 -2.12627050000000e+02 -7.46166240000000e+01 -6.96714180000000e+01 
 1.57465580000000e-01 -1.57595790000000e+01  2.22711460000000e+02  2.92645320000000e+01  3.59114630000000e+01  1.04168640000000e+00 -4.76930700000000e+01 -8.70372620000000e+01 -1.89982710000000e+02 -2.06946590000000e+02 -7.99066430000000e+01 -6.26198430000000e+01 
 1.58814410000000e-01 -1.57816740000000e+01  2.22651000000000e+02  2.91240730000000e+01  3.60405430000000e+01  1.04607350000000e+00 -4.74807560000000e+01 -1.05402960000000e+02 -1.94051950000000e+02 -2.13368100000000e+02 -7.93907090000000e+01 -6.74703680000000e+01 
 1.58859590000000e-01 -1.57872020000000e+01  2.19485570000000e+02  2.93910430000000e+01  3.43072790000000e+01  1.04375030000000e+00 -4.83342990000000e+01 -8.49136420000000e+01 -1.95091800000000e+02 -2.07402950000000e+02 -8.12752290000000e+01 -3.42988100000000e+01 
 1.58293520000000e-01 -1.57808440000000e+01  2.21176490000000e+02  2.95410670000000e+01  3.41000250000000e+01  1.08230920000000e+00 -4.86534530000000e+01 -6.44990530000000e+01 -1.99199710000000e+02 -2.15096820000000e+02 -7.61601860000000e+01 -4.07849080000000e+01 
 1.58823740000000e-01 -1.57600330000000e+01  2.17945790000000e+02  2.84502020000000e+01  2.69160820000000e+01  1.11577490000000e+00 -4.93651020000000e+01 -9.00287400000000e+01 -1.98915440000000e+02 -2.24647840000000e+02 -7.61705270000000e+01 -2.24046630000000e+01 
 1.59192920000000e-01 -1.57853890000000e+01  2.19293050000000e+02  2.84053020000000e+01  2.18029880000000e+01  1.06948990000000e+00 -4.76907500000000e+01 -8.46227070000000e+01 -1.97293650000000e+02 -2.14788690000000e+02 -7.45226900000000e+01 -3.41371690000000e+01 
 1.60562000000000e-01 -1.57766600000000e+01  2.12566460000000e+02  2.81161740000000e+01  2.32411130000000e+01  1.04732360000000e+00 -4.65415530000000e+01 -1.05126320000000e+02 -1.94342020000000e+02 -2.14101730000000e+02 -7.34714940000000e+01 -5.71513540000000e+01 
 1.59888120000000e-01 -1.57986990000000e+01  2.17986510000000e+02  2.86274580000000e+01  3.12184900000000e+01  1.03447480000000e+00 -4.67658030000000e+01 -9.00556660000000e+01 -1.91863840000000e+02 -2.05658120000000e+02 -7.39872210000000e+01 -1.11784730000000e+01 
 1.59835570000000e-01 -1.57875060000000e+01  2.17230680000000e+02  2.84615220000000e+01  2.05250810000000e+01  1.04980060000000e+00 -4.77780230000000e+01 -8.02670870000000e+01 -1.94322520000000e+02 -2.08899680000000e+02 -7.89517910000000e+01 -3.35836920000000e+01 
 1.60089340000000e-01 -1.57771380000000e+01  2.13215780000000e+02  2.82193520000000e+01  1.70963280000000e+01  1.06156660000000e+00 -4.88378890000000e+01 -5.32460700000000e+01 -1.93483610000000e+02 -2.15813690000000e+02 -7.81205930000000e+01 -1.73220390000000e+01 
 1.59891790000000e-01 -1.57638000000000e+01  2.11090920000000e+02  2.82020170000000e+01  1.75013690000000e+01  1.05868160000000e+00 -4.83872100000000e+01 -7.96191110000000e+01 -1.98474090000000e+02 -2.16161100000000e+02 -7.80946290000000e+01 -5.59364590000000e+01 
 1.59413490000000e-01 -1.57683210000000e+01  2.16981430000000e+02  2.81468790000000e+01  2.18808540000000e+01  1.11509320000000e+00 -4.86719440000000e+01 -9.29267720000000e+01 -2.03788200000000e+02 -2.18479370000000e+02 -7.35273690000000e+01 -7.61240690000000e+00 
 1.59228450000000e-01 -1.57832850000000e+01  2.18164800000000e+02  2.83473350000000e+01  1.84365070000000e+01  1.09293500000000e+00 -4.88557550000000e+01 -7.82148560000000e+01 -2.00438810000000e+02 -2.23520460000000e+02 -7.51005230000000e+01 -6.54755060000000e+01 
 1.58832830000000e-01 -1.57736320000000e+01  2.18624230000000e+02  2.87676380000000e+01  2.16234910000000e+01  1.07286400000000e+00 -4.85347460000000e+01 -8.05261090000000e+01 -1.96617670000000e+02 -2.16936980000000e+02 -7.88326070000000e+01 -7.24250980000000e+01 
 1.58767880000000e-01 -1.57924980000000e+01  2.18645180000000e+02  2.88195600000000e+01  2.82810020000000e+01  1.06965410000000e+00 -4.88498570000000e+01 -9.06661130000000e+01 -1.98610220000000e+02 -2.15347610000000e+02 -7.71697530000000e+01 -2.70741570000000e+01 
 1.59321960000000e-01 -1.57877050000000e+01  2.17305960000000e+02  2.83810180000000e+01  2.26642490000000e+01  1.08083140000000e+00 -4.84386640000000e+01 -1.03951860000000e+02 -2.00984680000000e+02 -2.15854910000000e+02 -7.54591420000000e+01 -5.82119550000000e+01 
 1.58494720000000e-01 -1.57940690000000e+01  2.24786340000000e+02  2.81005610000000e+01  1.89834470000000e+01  1.04917530000000e+00 -4.70060980000000e+01 -8.13327590000000e+01 -1.94632280000000e+02 -2.08204010000000e+02 -7.57834640000000e+01 -1.15809610000000e+01 
 1.58419450000000e-01 -1.57948620000000e+01  2.26862540000000e+02  2.85166310000000e+01  2.99344520000000e+01  1.06177890000000e+00 -4.69459160000000e+01 -1.02392870000000e+02 -1.96856070000000e+02 -2.11837320000000e+02 -7.51170260000000e+01 -9.51534710000000e+00 
 1.57810710000000e-01 -1.57717400000000e+01  2.28834270000000e+02  2.86129020000000e+01  2.21916200000000e+01  1.06320200000000e+00 -4.69570760000000e+01 -5.76806030000000e+01 -1.99427490000000e+02 -2.12141010000000e+02 -7.73339570000000e+01 -7.80607090000000e+00 
 1.57912640000000e-01 -1.57761960000000e+01  2.24296420000000e+02  2.90962710000000e+01  2.75894840000000e+01  1.11198740000000e+00 -4.90494740000000e+01 -6.24217100000000e+01 -2.02387270000000e+02 -2.17907460000000e+02 -7.46061870000000e+01 -4.20864440000000e+01 
 1.58127330000000e-01 -1.57895670000000e+01  2.28512060000000e+02  2.82341490000000e+01  2.29444020000000e+01  1.11082240000000e+00 -4.98835390000000e+01 -7.80493790000000e+01 -2.05695010000000e+02 -2.21757650000000e+02 -7.94035570000000e+01 -2.79861920000000e+01 
 1.59107810000000e-01 -1.57789410000000e+01  2.21792660000000e+02  2.82771020000000e+01  2.05718170000000e+01  1.11842490000000e+00 -4.92885320000000e+01 -8.35923970000000e+01 -2.03364840000000e+02 -2.16916190000000e+02 -7.67412160000000e+01 -4.48730140000000e+01 
 1.59536750000000e-01 -1.57666120000000e+01  2.12558650000000e+02  2.83560770000000e+01  2.23288320000000e+01  1.08093300000000e+00 -4.88986860000000e+01 -7.65446650000000e+01 -1.97519640000000e+02 -2.16541260000000e+02 -7.56037900000000e+01 -4.23071680000000e+01 
 1.60268400000000e-01 -1.57891930000000e+01  2.12978920000000e+02  2.89535210000000e+01  2.40197840000000e+01  1.05459060000000e+00 -4.76645440000000e+01 -7.57388050000000e+01 -1.96456820000000e+02 -2.16452680000000e+02 -7.52381380000000e+01 -6.73222100000000e+01 
 1.60786810000000e-01 -1.57945280000000e+01  2.10430650000000e+02  2.88192920000000e+01  3.36049560000000e+01  1.06820270000000e+00 -4.91369740000000e+01 -1.28074830000000e+02 -1.94215060000000e+02 -2.17257850000000e+02 -7.93072240000000e+01 -3.14914510000000e+01 
 1.60492990000000e-01 -1.57813990000000e+01  2.06282620000000e+02  2.84172300000000e+01  3.07063290000000e+01  1.06561850000000e+00 -4.96289710000000e+01 -1.62066960000000e+02 -1.96685770000000e+02 -2.22775200000000e+02 -7.91728390000000e+01 -8.21955460000000e+01 
 1.61322950000000e-01 -1.57682480000000e+01  2.03911510000000e+02  2.75997640000000e+01  2.62714010000000e+01  1.06692320000000e+00 -4.91767920000000e+01 -1.38269000000000e+02 -1.97376880000000e+02 -2.19017950000000e+02 -7.67378660000000e+01 -2.47762940000000e+01 
 1.61175650000000e-01 -1.57696190000000e+01  2.05525700000000e+02  2.75954320000000e+01  2.32970840000000e+01  1.07644560000000e+00 -5.06456960000000e+01 -1.12598970000000e+02 -2.00409290000000e+02 -2.18510220000000e+02 -8.15795370000000e+01  1.08144570000000e+01 
 1.61509890000000e-01 -1.57501340000000e+01  2.01972960000000e+02  2.74526390000000e+01  2.23679040000000e+01  1.06660010000000e+00 -4.96315940000000e+01 -1.26176580000000e+02 -2.01839960000000e+02 -2.13780000000000e+02 -8.01709770000000e+01 -2.12528100000000e+01 
 1.60606590000000e-01 -1.57208740000000e+01  2.01267460000000e+02  2.71635840000000e+01  2.39518520000000e+01  1.07022720000000e+00 -5.04076680000000e+01 -1.61635820000000e+02 -2.02418890000000e+02 -2.16154550000000e+02 -8.46478930000000e+01 -4.35510750000000e+01 
 1.60079640000000e-01 -1.57446820000000e+01  2.14550400000000e+02  2.70162430000000e+01  2.62722550000000e+01  1.11970960000000e+00 -5.09861340000000e+01 -1.41948840000000e+02 -2.02832170000000e+02 -2.25579440000000e+02 -8.28954100000000e+01 -2.88390130000000e+00 
 1.59837250000000e-01 -1.57172050000000e+01  2.10680760000000e+02  2.70060660000000e+01  2.68046740000000e+01  1.14110470000000e+00 -5.08499620000000e+01 -1.65600210000000e+02 -2.09177310000000e+02 -2.17728270000000e+02 -8.09602990000000e+01 -5.34745360000000e+01 
 1.59474980000000e-01 -1.57308970000000e+01  2.14803420000000e+02  2.77931060000000e+01  2.34997270000000e+01  1.14688120000000e+00 -5.03424880000000e+01 -1.28747580000000e+02 -2.07298240000000e+02 -2.22537600000000e+02 -8.02551110000000e+01 -6.47129640000000e+01 
 1.59327950000000e-01 -1.57595080000000e+01  2.15516680000000e+02  2.82238210000000e+01  2.92972730000000e+01  1.12775350000000e+00 -5.12906850000000e+01 -1.43011880000000e+02 -2.07901950000000e+02 -2.23544130000000e+02 -8.38947220000000e+01 -6.27614400000000e+01 
 1.58711550000000e-01 -1.57662910000000e+01  2.23294870000000e+02  2.74406330000000e+01  2.27970120000000e+01  1.12870690000000e+00 -5.01387640000000e+01 -1.41720170000000e+02 -2.07169490000000e+02 -2.22358300000000e+02 -7.96396850000000e+01 -8.32834640000000e+01 
 1.58472040000000e-01 -1.57230880000000e+01  2.18916600000000e+02  2.70853260000000e+01  2.85205350000000e+01  1.14656890000000e+00 -5.07382630000000e+01 -1.55459290000000e+02 -2.06472690000000e+02 -2.29207970000000e+02 -8.11806320000000e+01  7.73106160000000e+00 
 1.57409200000000e-01 -1.57423130000000e+01  2.27346460000000e+02  2.72289450000000e+01  1.80207150000000e+01  1.16792180000000e+00 -5.03107730000000e+01 -1.23025940000000e+02 -2.15871130000000e+02 -2.16923710000000e+02 -7.69859780000000e+01 -4.12501710000000e+01 
 1.58394400000000e-01 -1.57627720000000e+01  2.26233430000000e+02  2.78089990000000e+01  2.51859390000000e+01  1.11190550000000e+00 -4.89034890000000e+01 -1.18564200000000e+02 -2.01703670000000e+02 -2.18101770000000e+02 -7.84877420000000e+01 -6.04081640000000e+01 
 1.58818330000000e-01 -1.57716160000000e+01  2.21792250000000e+02  2.82924850000000e+01  3.29041070000000e+01  1.09198040000000e+00 -4.83391220000000e+01 -1.39542930000000e+02 -2.02409780000000e+02 -2.15665670000000e+02 -7.71150220000000e+01 -6.02440640000000e+01 
 1.58554970000000e-01 -1.57621370000000e+01  2.17995480000000e+02  2.84240800000000e+01  2.79233710000000e+01  1.05856170000000e+00 -4.79167810000000e+01 -8.55236990000000e+01 -1.95776200000000e+02 -2.16137110000000e+02 -7.55860640000000e+01 -5.02065720000000e+01 
 1.57973840000000e-01 -1.57670320000000e+01  2.23617410000000e+02  2.90748710000000e+01  2.99720790000000e+01  1.05893350000000e+00 -4.74599480000000e+01 -6.44957090000000e+01 -1.96939960000000e+02 -2.12741390000000e+02 -7.59634880000000e+01 -6.00188840000000e+01 
 1.57834790000000e-01 -1.57780060000000e+01  2.31793430000000e+02  2.84645660000000e+01  2.24658060000000e+01  1.06944590000000e+00 -4.62678570000000e+01 -5.82356250000000e+01 -1.96520090000000e+02 -2.11641410000000e+02 -7.35117970000000e+01 -3.18069550000000e+00 
 1.57529370000000e-01 -1.57810740000000e+01  2.28160380000000e+02  2.84484680000000e+01  2.36544570000000e+01  1.04696850000000e+00 -4.65867250000000e+01 -7.40786930000000e+01 -1.91182880000000e+02 -2.10908060000000e+02 -7.56918210000000e+01 -1.15072320000000e+01 
 1.58213330000000e-01 -1.57768020000000e+01  2.27121270000000e+02  2.81993070000000e+01  2.87604910000000e+01  1.05857720000000e+00 -4.63336650000000e+01 -1.16631640000000e+02 -1.92944170000000e+02 -2.09048980000000e+02 -7.44584460000000e+01 -4.55775910000000e+01 
 1.57711850000000e-01 -1.57445140000000e+01  2.26974130000000e+02  2.81256270000000e+01  3.01240660000000e+01  1.03684110000000e+00 -4.54799690000000e+01 -1.09639100000000e+02 -1.95300310000000e+02 -2.22654460000000e+02 -7.70667930000000e+01 -3.77717230000000e+01 
 1.58631780000000e-01 -1.57573840000000e+01  2.21901900000000e+02  2.79248550000000e+01  2.50546560000000e+01  1.00142030000000e+00 -4.53978170000000e+01 -1.31147580000000e+02 -1.89139000000000e+02 -2.10923410000000e+02 -8.00458560000000e+01 -8.23442220000000e+01 
 1.59085360000000e-01 -1.57722990000000e+01  2.18824720000000e+02  2.80256760000000e+01  2.18858430000000e+01  1.01902950000000e+00 -4.58277800000000e+01 -1.20808750000000e+02 -1.89848210000000e+02 -2.12060470000000e+02 -7.77293120000000e+01 -4.28959380000000e+01 
 1.59480320000000e-01 -1.57505560000000e+01  2.13313750000000e+02  2.76074820000000e+01  2.26716570000000e+01  9.90781480000000e-01 -4.51473870000000e+01 -1.24521900000000e+02 -1.85832150000000e+02 -2.03351840000000e+02 -7.73036050000000e+01 -2.59118000000000e+01 
 1.59060740000000e-01 -1.57253330000000e+01  2.15001420000000e+02  2.74083040000000e+01  2.74087620000000e+01  9.97534320000000e-01 -4.57389160000000e+01 -1.58505860000000e+02 -1.85722100000000e+02 -2.12346510000000e+02 -8.16206540000000e+01 -5.19688260000000e+01 
 1.58782520000000e-01 -1.57327540000000e+01  2.16110010000000e+02  2.71149090000000e+01  2.28577500000000e+01  9.93588130000000e-01 -4.53510830000000e+01 -1.51904900000000e+02 -1.88616650000000e+02 -2.11316860000000e+02 -7.92549240000000e+01 -4.79372710000000e+01 
 1.59243740000000e-01 -1.57414130000000e+01  2.14729380000000e+02  2.72036420000000e+01  2.73800160000000e+01  9.76665320000000e-01 -4.41162150000000e+01 -1.96176700000000e+02 -1.81641580000000e+02 -2.00788160000000e+02 -7.96508300000000e+01 -3.95401900000000e+01 
 1.59436780000000e-01 -1.57072870000000e+01  2.05185220000000e+02  2.79292250000000e+01  3.02093510000000e+01  9.81355860000000e-01 -4.48541970000000e+01 -1.76957410000000e+02 -1.85026270000000e+02 -2.06613970000000e+02 -7.91331840000000e+01 -8.04813560000000e+01 
 1.58215860000000e-01 -1.57126730000000e+01  2.09217540000000e+02  2.74106410000000e+01  2.11110560000000e+01  9.69373690000000e-01 -4.51423720000000e+01 -1.51152270000000e+02 -1.80586520000000e+02 -2.04493130000000e+02 -8.00767280000000e+01 -5.33339860000000e+01 
 1.58044420000000e-01 -1.56970680000000e+01  2.14932350000000e+02  2.70647120000000e+01  1.98909910000000e+01  9.96323640000000e-01 -4.47661850000000e+01 -1.38457620000000e+02 -1.90574930000000e+02 -2.03039340000000e+02 -7.90234430000000e+01 -5.05701380000000e+01 
 1.56959520000000e-01 -1.57040660000000e+01  2.23337430000000e+02  2.71387350000000e+01  2.83454580000000e+01  1.01743130000000e+00 -4.47281220000000e+01 -1.78695100000000e+02 -1.91580670000000e+02 -2.14684180000000e+02 -7.92357580000000e+01 -4.61999190000000e+01 
 1.56943920000000e-01 -1.56830320000000e+01  2.20732220000000e+02  2.70564500000000e+01  2.99026060000000e+01  1.03350090000000e+00 -4.42912370000000e+01 -1.87941980000000e+02 -1.92788810000000e+02 -2.10860860000000e+02 -7.60268510000000e+01 -6.91843400000000e+01 
 1.57620650000000e-01 -1.57209050000000e+01  2.21940740000000e+02  2.71133800000000e+01  2.17344710000000e+01  1.01077030000000e+00 -4.40325210000000e+01 -1.62953700000000e+02 -1.86999110000000e+02 -2.10720020000000e+02 -7.57365270000000e+01 -7.05964970000000e+01 
 1.56703390000000e-01 -1.57118210000000e+01  2.27330350000000e+02  2.75328980000000e+01  2.76951680000000e+01  1.03139100000000e+00 -4.46011410000000e+01 -1.56562570000000e+02 -1.90035460000000e+02 -2.14829850000000e+02 -7.72976340000000e+01 -7.71884290000000e+01 
 1.57005720000000e-01 -1.57183950000000e+01  2.28961760000000e+02  2.72135940000000e+01  2.82230050000000e+01  9.93352970000000e-01 -4.34291250000000e+01 -1.74159350000000e+02 -1.85802220000000e+02 -2.08606570000000e+02 -7.95803370000000e+01 -4.29362500000000e+01 
 1.56380740000000e-01 -1.57149810000000e+01  2.32142030000000e+02  2.77375490000000e+01  3.83985860000000e+01  9.74925250000000e-01 -4.31419690000000e+01 -1.68056600000000e+02 -1.84621760000000e+02 -2.03698740000000e+02 -7.98596020000000e+01 -5.69614030000000e+01 
 1.56548510000000e-01 -1.57227080000000e+01  2.34675280000000e+02  2.76505450000000e+01  3.49884220000000e+01  1.00211040000000e+00 -4.31835900000000e+01 -1.66975570000000e+02 -1.87785860000000e+02 -2.10874810000000e+02 -7.83094460000000e+01 -8.07486450000000e+01 
 1.56400070000000e-01 -1.57275160000000e+01  2.33498900000000e+02  2.73940480000000e+01  2.06379790000000e+01  9.95223690000000e-01 -4.31271290000000e+01 -1.21348550000000e+02 -1.85430440000000e+02 -2.04078540000000e+02 -7.72543740000000e+01 -2.84812830000000e+01 
 1.56870510000000e-01 -1.57328530000000e+01  2.27377390000000e+02  2.77756260000000e+01  1.75059080000000e+01  9.87492710000000e-01 -4.38420470000000e+01 -9.75027330000000e+01 -1.87984300000000e+02 -2.07633670000000e+02 -7.78204390000000e+01 -6.77566840000000e+01 
 1.56707370000000e-01 -1.57308280000000e+01  2.31193700000000e+02  2.74353200000000e+01  1.70089720000000e+01  9.90249300000000e-01 -4.33423730000000e+01 -8.61795590000000e+01 -1.84433480000000e+02 -2.07204710000000e+02 -7.57108940000000e+01 -1.76535250000000e+01 
 1.57321700000000e-01 -1.57319320000000e+01  2.28784120000000e+02  2.75790340000000e+01  2.47397420000000e+01  9.87423170000000e-01 -4.25630300000000e+01 -1.16962520000000e+02 -1.86312530000000e+02 -2.03418450000000e+02 -7.33449930000000e+01 -5.31073090000000e+01 
 1.56480570000000e-01 -1.57116630000000e+01  2.26983390000000e+02  2.73520710000000e+01  2.33960840000000e+01  9.67611100000000e-01 -4.23169460000000e+01 -1.43577140000000e+02 -1.81554230000000e+02 -2.02902700000000e+02 -7.61426080000000e+01 -6.28709400000000e+01 
 1.57297180000000e-01 -1.57310600000000e+01  2.24196340000000e+02  2.72748660000000e+01  2.82246690000000e+01  9.54453680000000e-01 -4.19614420000000e+01 -1.71816290000000e+02 -1.81570300000000e+02 -2.03598680000000e+02 -7.54789440000000e+01 -1.48465650000000e+01 
 1.57386300000000e-01 -1.57239540000000e+01  2.22884700000000e+02  2.78987650000000e+01  2.93731880000000e+01  9.19648620000000e-01 -4.16758530000000e+01 -1.26197960000000e+02 -1.77328000000000e+02 -1.96698270000000e+02 -7.75739490000000e+01 -4.58173470000000e+01 
 1.57787970000000e-01 -1.57527430000000e+01  2.22536710000000e+02  2.76638270000000e+01  2.62081820000000e+01  9.45790900000000e-01 -4.21780580000000e+01 -1.49663080000000e+02 -1.81233240000000e+02 -2.06363200000000e+02 -7.33610940000000e+01 -6.47081290000000e+01 
 1.58289350000000e-01 -1.57447570000000e+01  2.26965310000000e+02  2.75532320000000e+01  3.81997260000000e+01  9.46329100000000e-01 -4.18221730000000e+01 -2.02456090000000e+02 -1.82344030000000e+02 -2.02497880000000e+02 -7.72273420000000e+01 -8.95733060000000e+01 
 1.58221580000000e-01 -1.57572880000000e+01  2.24553280000000e+02  2.79894550000000e+01  3.80659900000000e+01  9.37847860000000e-01 -4.06808430000000e+01 -1.65701930000000e+02 -1.76145220000000e+02 -1.96122340000000e+02 -7.01059950000000e+01 -3.25398620000000e+01 
 1.58924220000000e-01 -1.57429330000000e+01  2.20610680000000e+02  2.79493260000000e+01  3.80836430000000e+01  9.06369950000000e-01 -3.99894670000000e+01 -1.81043660000000e+02 -1.74654520000000e+02 -2.02687220000000e+02 -7.28296940000000e+01 -8.08655560000000e+01 
 1.58459490000000e-01 -1.57366470000000e+01  2.23784150000000e+02  2.72950290000000e+01  3.26909580000000e+01  9.23817770000000e-01 -4.04371100000000e+01 -1.98212300000000e+02 -1.77634770000000e+02 -2.03118550000000e+02 -7.55087370000000e+01 -5.07311440000000e+01 
 1.57567450000000e-01 -1.57213940000000e+01  2.21272120000000e+02  2.72538250000000e+01  3.44898740000000e+01  9.29502070000000e-01 -4.08947210000000e+01 -1.98308680000000e+02 -1.81010710000000e+02 -1.97691700000000e+02 -7.31694970000000e+01 -4.50186050000000e+01 
 1.59363110000000e-01 -1.57177530000000e+01  2.13381580000000e+02  2.70758750000000e+01  3.39021110000000e+01  9.24406320000000e-01 -4.09895700000000e+01 -2.34911430000000e+02 -1.76519110000000e+02 -1.98194240000000e+02 -7.67461480000000e+01 -3.90187250000000e+01 
 1.59523530000000e-01 -1.57340440000000e+01  2.09191250000000e+02  2.75173670000000e+01  3.11781940000000e+01  8.84352390000000e-01 -4.05548730000000e+01 -2.02463300000000e+02 -1.70105140000000e+02 -1.97632870000000e+02 -7.38678440000000e+01 -8.08685860000000e+01 
 1.60519070000000e-01 -1.57253110000000e+01  2.01956970000000e+02  2.75438640000000e+01  3.30713850000000e+01  8.68579270000000e-01 -4.11707790000000e+01 -2.02591220000000e+02 -1.70546780000000e+02 -1.89815820000000e+02 -7.67443950000000e+01 -6.04987470000000e+01 
 1.60304630000000e-01 -1.57386210000000e+01  2.01924700000000e+02  2.84911630000000e+01  3.52264960000000e+01  8.92222090000000e-01 -4.24712640000000e+01 -1.64115980000000e+02 -1.70345150000000e+02 -1.94768030000000e+02 -7.61904230000000e+01 -8.01852500000000e+01 
 1.59984560000000e-01 -1.57415770000000e+01  2.06952680000000e+02  2.76686090000000e+01  2.79808760000000e+01  9.12793270000000e-01 -4.28406170000000e+01 -1.78385060000000e+02 -1.78835740000000e+02 -1.98353640000000e+02 -7.83002950000000e+01 -6.36484420000000e+01 
 1.59721070000000e-01 -1.57476760000000e+01  2.07546940000000e+02  2.80499240000000e+01  2.86394860000000e+01  9.25421630000000e-01 -4.26533460000000e+01 -1.50721630000000e+02 -1.74647120000000e+02 -2.02074510000000e+02 -7.47540400000000e+01 -5.10019420000000e+01 
 1.60154310000000e-01 -1.57361040000000e+01  2.06836670000000e+02  2.75925430000000e+01  2.85514190000000e+01  9.58342290000000e-01 -4.36846810000000e+01 -1.51405550000000e+02 -1.78875310000000e+02 -2.03546460000000e+02 -7.40094660000000e+01 -5.49710230000000e+01 
 1.59216330000000e-01 -1.57359230000000e+01  2.10428860000000e+02  2.77335990000000e+01  3.25359650000000e+01  9.56433070000000e-01 -4.37971980000000e+01 -1.65063220000000e+02 -1.83335930000000e+02 -2.05485190000000e+02 -7.54220860000000e+01 -5.00568990000000e+01 
 1.59432680000000e-01 -1.57187610000000e+01  2.05692400000000e+02  2.71730390000000e+01  2.89665190000000e+01  9.33470020000000e-01 -4.27004730000000e+01 -2.04221100000000e+02 -1.77137210000000e+02 -2.05182960000000e+02 -7.58702080000000e+01 -3.36913910000000e+01 
 1.59029200000000e-01 -1.57046270000000e+01  2.11691480000000e+02  2.70230420000000e+01  2.30411890000000e+01  9.50222180000000e-01 -4.32858560000000e+01 -1.82441370000000e+02 -1.84036240000000e+02 -2.05653630000000e+02 -7.96845910000000e+01 -7.11433670000000e+01 
 1.61016770000000e-01 -1.57478630000000e+01  2.01803860000000e+02  2.75089850000000e+01  2.49723540000000e+01  9.19482320000000e-01 -4.22649650000000e+01 -1.64631530000000e+02 -1.74727200000000e+02 -2.03459870000000e+02 -7.22890320000000e+01 -4.54084440000000e+01 
 1.60479670000000e-01 -1.57274330000000e+01  2.02815130000000e+02  2.70289330000000e+01  2.29884650000000e+01  8.83149680000000e-01 -4.16159410000000e+01 -1.66603640000000e+02 -1.68902020000000e+02 -1.95753120000000e+02 -7.61824670000000e+01 -3.33291810000000e+01 
 1.59254960000000e-01 -1.57087130000000e+01  2.06503560000000e+02  2.70670860000000e+01  3.12129540000000e+01  9.10518450000000e-01 -4.19783110000000e+01 -1.83077110000000e+02 -1.73199620000000e+02 -1.96521080000000e+02 -7.44225890000000e+01 -2.80517300000000e+01 
 1.58962570000000e-01 -1.56986170000000e+01  2.11532040000000e+02  2.73119060000000e+01  3.12190440000000e+01  9.33182880000000e-01 -4.17556530000000e+01 -1.77764490000000e+02 -1.74419570000000e+02 -2.01742520000000e+02 -7.59130840000000e+01 -4.31289420000000e+01 
 1.59476680000000e-01 -1.57075620000000e+01  2.07820540000000e+02  2.73461520000000e+01  1.86019360000000e+01  9.44454170000000e-01 -4.29107440000000e+01 -1.12299140000000e+02 -1.76476030000000e+02 -2.02396550000000e+02 -7.56289100000000e+01 -4.34212010000000e+01 
 1.59186720000000e-01 -1.57073980000000e+01  2.07456680000000e+02  2.72232520000000e+01  2.16544750000000e+01  9.26201400000000e-01 -4.26045310000000e+01 -1.32610570000000e+02 -1.76378810000000e+02 -1.99928340000000e+02 -7.63833000000000e+01 -2.53104170000000e+01 
 1.58890500000000e-01 -1.57331980000000e+01  2.12472830000000e+02  2.74230680000000e+01  2.08278300000000e+01  9.52914190000000e-01 -4.32651890000000e+01 -1.15955170000000e+02 -1.79891430000000e+02 -2.03212050000000e+02 -7.46639520000000e+01 -3.33614860000000e+01 
 1.60326160000000e-01 -1.57354450000000e+01  2.09292630000000e+02  2.73101760000000e+01  2.26728040000000e+01  9.62229660000000e-01 -4.37886420000000e+01 -1.32648400000000e+02 -1.84900030000000e+02 -2.04474050000000e+02 -7.68054950000000e+01 -1.10078710000000e+01 
 1.59317940000000e-01 -1.57018450000000e+01  2.07345950000000e+02  2.70527200000000e+01  2.70456540000000e+01  9.39072450000000e-01 -4.26623020000000e+01 -1.74297960000000e+02 -1.79778870000000e+02 -2.07001090000000e+02 -7.58752910000000e+01 -5.27047800000000e+01 
 1.58825790000000e-01 -1.56950990000000e+01  2.04866840000000e+02  2.74597740000000e+01  2.10475800000000e+01  9.26445700000000e-01 -4.26379230000000e+01 -1.27025220000000e+02 -1.78945840000000e+02 -2.00298070000000e+02 -7.50925970000000e+01 -6.42486600000000e+01 
 1.60553310000000e-01 -1.57274320000000e+01  2.02725910000000e+02  2.71291380000000e+01  2.80391350000000e+01  9.46164280000000e-01 -4.30510220000000e+01 -1.74574510000000e+02 -1.81325280000000e+02 -1.97222690000000e+02 -7.22882030000000e+01 -4.33601360000000e+01 
 1.60271410000000e-01 -1.57471220000000e+01  2.11511720000000e+02  2.70405980000000e+01  2.67325600000000e+01  9.57004780000000e-01 -4.28241230000000e+01 -1.80385980000000e+02 -1.81634250000000e+02 -2.04821810000000e+02 -7.32965540000000e+01 -5.53015710000000e+01 
 1.60276250000000e-01 -1.57497440000000e+01  2.06595200000000e+02  2.74643250000000e+01  3.01896800000000e+01  9.43801340000000e-01 -4.26781720000000e+01 -1.75242370000000e+02 -1.81069850000000e+02 -2.01168330000000e+02 -7.06443600000000e+01 -3.10074120000000e+01 
 1.60513200000000e-01 -1.57447740000000e+01  2.07791640000000e+02  2.74460010000000e+01  1.82392800000000e+01  9.22593570000000e-01 -4.16358720000000e+01 -1.16860640000000e+02 -1.74654220000000e+02 -1.97067090000000e+02 -7.11901470000000e+01 -5.99295590000000e+01 
 1.59552650000000e-01 -1.57267900000000e+01  2.06646580000000e+02  2.70021410000000e+01  1.66351020000000e+01  9.12600280000000e-01 -4.20216630000000e+01 -1.51003820000000e+02 -1.77944070000000e+02 -1.99590130000000e+02 -7.51195630000000e+01 -4.55126040000000e+01 
 1.59716440000000e-01 -1.57291150000000e+01  2.05931520000000e+02  2.72017390000000e+01  1.90616450000000e+01  9.18265220000000e-01 -4.30835490000000e+01 -1.32705190000000e+02 -1.75283190000000e+02 -2.02078960000000e+02 -7.63473300000000e+01 -3.32789050000000e+01 
 1.60901300000000e-01 -1.57731540000000e+01  2.06886420000000e+02  2.76640190000000e+01  1.51734810000000e+01  9.28596460000000e-01 -4.26312100000000e+01 -1.03349420000000e+02 -1.80336670000000e+02 -1.98914430000000e+02 -7.17579480000000e+01 -3.62939820000000e+01 
 1.59492620000000e-01 -1.57537590000000e+01  2.10948260000000e+02  2.80382720000000e+01  1.86114170000000e+01  8.99489130000000e-01 -4.18134850000000e+01 -7.36876980000000e+01 -1.73897060000000e+02 -1.99292320000000e+02 -7.40342860000000e+01  1.64338940000000e+00 
 1.58790080000000e-01 -1.57482030000000e+01  2.12451530000000e+02  2.85325540000000e+01  1.98385310000000e+01  9.26797140000000e-01 -4.26012050000000e+01 -7.94007840000000e+01 -1.71951990000000e+02 -1.96877870000000e+02 -7.48656800000000e+01 -6.73635200000000e+01 
 1.59139070000000e-01 -1.57524750000000e+01  2.15198520000000e+02  2.81760840000000e+01  2.56930770000000e+01  9.34099840000000e-01 -4.23727150000000e+01 -1.08944370000000e+02 -1.75263590000000e+02 -1.99583870000000e+02 -7.44271530000000e+01 -4.67543330000000e+01 
 1.58877050000000e-01 -1.57671870000000e+01  2.18119710000000e+02  2.85747320000000e+01  2.59013290000000e+01  9.49079420000000e-01 -4.24048830000000e+01 -1.07862140000000e+02 -1.82079690000000e+02 -1.99287170000000e+02 -7.31137750000000e+01 -6.30808490000000e+01 
 1.58275870000000e-01 -1.57730050000000e+01  2.20738680000000e+02  2.87595880000000e+01  2.63483100000000e+01  9.08948630000000e-01 -4.26191160000000e+01 -7.30189640000000e+01 -1.72826510000000e+02 -2.06156550000000e+02 -7.71590670000000e+01 -2.88304960000000e+01 
 1.58610210000000e-01 -1.57798170000000e+01  2.22176110000000e+02  2.80734570000000e+01  2.00296970000000e+01  9.32118240000000e-01 -4.28053260000000e+01 -9.30150900000000e+01 -1.77236380000000e+02 -2.03009690000000e+02 -7.59892060000000e+01 -4.14256460000000e+01 
 1.59194260000000e-01 -1.57752420000000e+01  2.20189410000000e+02  2.75756900000000e+01  2.06254540000000e+01  9.54002450000000e-01 -4.27503920000000e+01 -1.31343450000000e+02 -1.76752250000000e+02 -2.06433890000000e+02 -7.45600300000000e+01 -1.04075030000000e+01 
 1.58810330000000e-01 -1.57547650000000e+01  2.19708360000000e+02  2.79432550000000e+01  2.44058930000000e+01  9.54866380000000e-01 -4.33227770000000e+01 -1.21663110000000e+02 -1.83128440000000e+02 -2.00246490000000e+02 -7.71706380000000e+01 -7.28712020000000e+01 
 1.59207830000000e-01 -1.57662360000000e+01  2.14989060000000e+02  2.81228850000000e+01  1.67672510000000e+01  9.12743410000000e-01 -4.27756480000000e+01 -7.16847610000000e+01 -1.74106910000000e+02 -1.97939330000000e+02 -7.64840610000000e+01 -4.44178400000000e+01 
 1.58255000000000e-01 -1.57629740000000e+01  2.20858130000000e+02  2.82933220000000e+01  1.86953390000000e+01  9.27184790000000e-01 -4.26717690000000e+01 -7.67441660000000e+01 -1.77599300000000e+02 -2.00945380000000e+02 -7.56778540000000e+01 -5.17321290000000e+01 
 1.58135930000000e-01 -1.57525590000000e+01  2.18943050000000e+02  2.82601220000000e+01  2.02029950000000e+01  9.12690120000000e-01 -4.21988860000000e+01 -7.49553950000000e+01 -1.74900570000000e+02 -1.97125830000000e+02 -7.60201190000000e+01 -4.54577530000000e+01 
 1.58717000000000e-01 -1.57861380000000e+01  2.17404630000000e+02  2.86520720000000e+01  2.54648480000000e+01  9.04951090000000e-01 -4.25237690000000e+01 -1.10140980000000e+02 -1.67893000000000e+02 -2.05964200000000e+02 -7.62173520000000e+01 -5.72973750000000e+01 
 1.58663480000000e-01 -1.57603150000000e+01  2.18936820000000e+02  2.81606420000000e+01  2.71815350000000e+01  9.30175310000000e-01 -4.23846130000000e+01 -1.06823680000000e+02 -1.78508600000000e+02 -2.04257660000000e+02 -7.47084150000000e+01 -1.72707200000000e+01 
 1.57639190000000e-01 -1.57411040000000e+01  2.22207710000000e+02  2.84488920000000e+01  3.64196960000000e+01  9.43948650000000e-01 -4.24595300000000e+01 -1.54833890000000e+02 -1.78732080000000e+02 -2.04250620000000e+02 -7.62016630000000e+01 -8.44225850000000e+01 
 1.57880060000000e-01 -1.57365150000000e+01  2.17933220000000e+02  2.85327830000000e+01  3.68755840000000e+01  9.20688090000000e-01 -4.16311060000000e+01 -1.59000980000000e+02 -1.78804300000000e+02 -1.99863260000000e+02 -7.54375180000000e+01 -6.65839570000000e+01 
 1.58319590000000e-01 -1.57392080000000e+01  2.17470870000000e+02  2.83694260000000e+01  3.49488870000000e+01  8.98452770000000e-01 -4.13462510000000e+01 -1.38624090000000e+02 -1.73747830000000e+02 -1.99429550000000e+02 -7.72027030000000e+01 -3.75665910000000e+01 
 1.58295500000000e-01 -1.57234300000000e+01  2.14453890000000e+02  2.80909500000000e+01  3.84720070000000e+01  8.76878190000000e-01 -3.99152230000000e+01 -1.60738270000000e+02 -1.67829000000000e+02 -1.90719360000000e+02 -7.29415930000000e+01 -4.50517690000000e+01 
 1.57467180000000e-01 -1.57232620000000e+01  2.20721240000000e+02  2.76958710000000e+01  2.71685870000000e+01  8.80273430000000e-01 -3.96960930000000e+01 -1.48255520000000e+02 -1.67781400000000e+02 -1.97180310000000e+02 -7.54357310000000e+01 -3.89425830000000e+01 
 1.56913490000000e-01 -1.57302930000000e+01  2.23364310000000e+02  2.81300810000000e+01  3.20654410000000e+01  9.06459540000000e-01 -4.02698920000000e+01 -1.64766250000000e+02 -1.74290670000000e+02 -1.94845610000000e+02 -7.40791910000000e+01 -8.14775040000000e+01 
 1.57493520000000e-01 -1.57502050000000e+01  2.25064610000000e+02  2.80998800000000e+01  3.96682690000000e+01  8.81621370000000e-01 -3.95374130000000e+01 -1.70732970000000e+02 -1.66305720000000e+02 -1.93270780000000e+02 -7.39165320000000e+01 -2.66719670000000e+01 
